Column1,District,Households,Households_Rural,Households_Rural_Dilapidated,Households_Rural_Livable,Households_Rural_Toilet_Premise,Households_Urban,Households_Urban_Dilapidated,Households_Urban_Livable,Households_Urban_Toilet_Premise,Sum,premise,no on premise,percent
0,Kupwara,181664,158438,13150.354,92052.478,77476.182,23226,1114.848,11496.87,16304.652,181664,93780.834,87883.166,48.3767648
1,Badgam,187839,160649,6265.311,74380.487,133820.617,27190,706.94,9190.22,24579.76,187839,158400.377,29438.623,15.67226348
2,Leh(Ladakh),54394,36920,775.32,19013.8,32526.52,17474,192.214,9540.804,16740.092,54394,49266.612,5127.388,9.426385263
3,Kargil,48144,40370,1412.95,29591.21,39078.16,7774,93.288,5348.512,7579.65,48144,46657.81,1486.19,3.086968262
4,Punch,147408,132139,3171.336,78622.705,18103.043,15269,122.152,4168.437,11497.557,147408,29600.6,117807.4,79.91927168
5,Rajouri,213578,196070,5293.89,103721.03,19999.14,17508,297.636,3256.488,14969.34,213578,34968.48,178609.52,83.62730244
6,Kathua,214847,181374,6348.09,66564.258,25755.108,33473,1037.663,9037.71,22460.383,214847,48215.491,166631.509,77.55822004
7,Baramula,259475,210543,11158.779,97060.323,156433.449,48932,2446.6,16636.88,45262.1,259475,201695.549,57779.451,22.26782966
8,Bandipore,98076,80521,5958.554,43239.777,56445.221,17555,754.865,5442.05,16554.365,98076,72999.586,25076.414,25.56834904
9,Srinagar,262239,4518,284.634,1734.912,4007.466,257721,5669.862,59791.272,252824.301,262239,256831.767,5407.233,2.061948452
10,Ganderbal,77346,63788,6059.86,30235.512,44332.66,13558,610.11,2982.76,12378.454,77346,56711.114,20634.886,26.67867246
11,Pulwama,169223,147520,6785.92,63433.6,92495.04,21703,651.09,9202.072,19771.433,169223,112266.473,56956.527,33.65767478
12,Shupiyan,80888,75616,4461.344,25104.512,44613.44,5272,173.976,1813.568,4997.856,80888,49611.296,31276.704,38.66667985
13,Anantnag,277733,207067,10560.417,89660.011,105190.036,70666,2190.646,20139.81,53352.83,277733,158542.866,119190.134,42.9153662
14,Kulgam,121130,95952,4509.744,47016.48,40011.984,25178,1057.476,10574.76,14729.13,121130,54741.114,66388.886,54.80796335
15,Doda,133617,122267,1956.272,73360.2,29344.08,11350,329.15,2689.95,10600.9,133617,39944.98,93672.02,70.1048669
16,Ramban,89622,84281,1769.901,43404.715,15002.018,5341,128.184,1030.813,4417.007,89622,19419.025,70202.975,78.33230122
17,Kishtwar,78371,72378,2460.852,37636.56,14475.6,5993,41.951,809.055,5597.462,78371,20073.062,58297.938,74.38713044
18,Udhampur,183360,148664,2973.28,66452.808,11001.136,34696,624.528,5898.32,26056.696,183360,37057.832,146302.168,79.78957679
19,Reasi,107833,95572,1433.58,52469.028,8601.48,12261,134.871,4843.095,9661.668,107833,18263.148,89569.852,83.06348891
20,Jammu,502609,254566,12473.734,97753.344,62623.236,248043,8433.462,56057.718,210588.507,502609,273211.743,229397.257,45.64129512
21,Samba,114236,94247,3110.151,28745.335,24504.22,19989,219.879,3558.042,14132.223,114236,38636.443,75599.557,66.17839998
22,Chamba,200231,186395,4287.085,70830.1,90960.76,13836,96.852,2573.496,12037.32,200231,102998.08,97232.92,48.56037277
23,Kangra,627328,588321,8236.494,148845.213,378878.724,39007,624.112,7411.33,32102.761,627328,410981.485,216346.515,34.48698528
24,Lahul and Spiti,17434,17434,209.208,4794.35,9449.228,0,0,0,0,17434,9449.228,7984.772,45.8
25,Kullu,188704,167995,2687.92,47038.6,137755.9,20709,144.963,3582.657,19052.28,188704,156808.18,31895.82,16.90256698
26,Mandi,462825,431129,4311.29,93123.864,384135.939,31696,190.176,5451.712,29255.408,462825,413391.347,49433.653,10.68085194
27,Hamirpur,211348,196116,1961.16,42361.056,174739.356,15232,243.712,5651.072,10464.384,211348,185203.74,26144.26,12.37024244
28,Una,205217,185091,2776.365,93470.955,46272.75,20126,120.756,3461.672,18576.298,205217,64849.048,140367.952,68.39976805
29,Bilaspur,164445,152458,2286.87,76991.29,38114.5,11987,191.792,4447.177,8235.069,164445,46349.569,118095.431,71.8145465
30,Solan,244296,192787,2699.018,48775.111,113358.756,51509,2472.432,12568.196,38425.714,244296,151784.47,92511.53,37.86862249
31,Sirmaur,192156,171102,2224.326,46026.438,117718.176,21054,168.432,3558.126,19685.49,192156,137403.666,54752.334,28.4936895
32,Shimla,375165,279269,3630.497,75123.361,192137.072,95896,2972.776,34618.456,63003.672,375165,255140.744,120024.256,31.99239161
33,Kinnaur,44514,44514,2314.728,26307.774,7389.324,0,0,0,0,44514,7389.324,37124.676,83.4
34,Gurdaspur,606348,420860,21884.72,248728.26,69862.76,185488,5750.128,66961.168,121865.616,606348,191728.376,414619.624,68.37981225
35,Kapurthala,261203,165433,3143.227,40531.085,114148.77,95770,1340.78,17908.99,86001.46,261203,200150.23,61052.77,23.37368637
36,Jalandhar,708130,330339,9249.492,102074.751,187962.891,377791,3777.91,74424.827,363057.151,708130,551020.042,157109.958,22.18659822
37,Hoshiarpur,551265,422673,9721.479,103132.212,252758.454,128592,1671.696,23275.152,116632.944,551265,369391.398,181873.602,32.99204593
38,Shahid Bhagat Singh Nagar,231551,183168,16485.12,90484.992,91767.168,48383,2515.916,19885.413,41415.848,231551,133183.016,98367.984,42.48221083
39,Fatehgarh Sahib,174896,117559,7171.099,48669.426,90990.666,57337,2350.817,18347.84,53954.117,174896,144944.783,29951.217,17.12515838
40,Ludhiana,1036821,395032,24491.984,184479.944,300224.32,641789,30805.872,244521.609,614833.862,1036821,915058.182,121762.818,11.74386109
41,Moga,288439,214295,13929.175,87860.95,122148.15,74144,3633.056,25431.392,65914.016,288439,188062.166,100376.834,34.8000215
42,Firozpur,502390,348522,18820.188,139757.322,232812.696,153868,10001.42,55392.48,130941.668,502390,363754.364,138635.636,27.59522204
43,Muktsar,224157,149507,9568.448,58457.237,123343.275,74650,3359.25,26351.45,70096.35,224157,193439.625,30717.375,13.70350915
44,Faridkot,158863,99946,7096.166,45075.646,87452.75,58917,2886.933,24097.053,57090.573,158863,144543.323,14319.677,9.013852817
45,Bathinda,355722,218159,16143.766,98607.868,186307.786,137563,9216.721,47871.924,130272.161,355722,316579.947,39142.053,11.00355137
46,Mansa,196389,145603,15725.124,74111.927,96971.598,50786,3605.806,20873.046,46062.902,196389,143034.5,53354.5,27.16776398
47,Patiala,517369,299279,32022.853,158019.312,216378.717,218090,19846.19,87890.27,195844.82,517369,412223.537,105145.463,20.32310846
48,Amritsar,660953,275477,21211.729,134983.73,220657.077,385476,31223.556,155732.304,357721.728,660953,578378.805,82574.195,12.49320224
49,Tarn Taran,267174,222717,16481.058,113808.387,187750.431,44457,2400.678,14404.068,41389.467,267174,229139.898,38034.102,14.23570482
50,Rupnagar,208699,148162,10667.664,68895.33,93193.898,60537,3571.683,20643.117,51456.45,208699,144650.348,64048.652,30.68948677
51,Sahibzada Ajit Singh Nagar,291335,117293,8327.803,56300.64,90667.489,174042,7309.764,56041.524,168646.698,291335,259314.187,32020.813,10.99106287
52,Sangrur,448944,292156,22788.168,161270.112,177630.848,156788,8466.552,66634.9,146439.992,448944,324070.84,124873.16,27.81486332
53,Barnala,156799,102577,8308.737,57135.389,66469.896,54222,3849.762,23640.792,47552.694,156799,114022.59,42776.41,27.28104771
54,Chandigarh,298367,8911,534.66,3172.316,5070.359,289456,14472.8,79889.856,265431.152,298367,270501.511,27865.489,9.339333438
55,Uttarkashi,121209,112148,8186.804,48447.936,68073.836,9061,344.318,2147.457,8372.364,121209,76446.2,44762.8,36.93026095
56,Chamoli,186340,163434,9969.474,74689.338,128459.124,22906,1076.582,7879.664,21073.52,186340,149532.644,36807.356,19.75279382
57,Rudraprayag,117159,112705,7325.825,56014.385,90389.41,4454,262.786,1826.14,4017.508,117159,94406.918,22752.082,19.41983288
58,Tehri Garhwal,254236,227059,6357.652,106490.671,199811.92,27177,951.195,7229.082,23807.052,254236,223618.972,30617.028,12.0427587
59,Dehradun,497638,228245,6847.35,61626.15,90156.775,269393,2155.144,42833.487,246494.595,497638,336651.37,160986.63,32.3501481
60,Garhwal,316462,279682,6992.05,73556.366,131450.54,36780,331.02,4266.48,32182.5,316462,163633.04,152828.96,48.29298936
61,Pithoragarh,209943,183687,3490.053,36370.026,93680.37,26256,78.768,2546.832,24050.496,209943,117730.866,92212.134,43.92246181
62,Bageshwar,99911,96031,2688.868,26504.556,48111.531,3880,27.16,411.28,3720.92,99911,51832.451,48078.549,48.12137703
63,Almora,281138,260056,10142.184,69434.952,194001.776,21082,505.968,4300.728,20070.064,281138,214071.84,67066.16,23.85524547
64,Champawat,98041,85202,1533.636,21385.702,41152.566,12839,141.229,1848.816,12158.533,98041,53311.099,44729.901,45.62366867
65,Nainital,298663,193086,4440.978,49043.844,92681.28,105577,527.885,10452.123,101881.805,298663,194563.085,104099.915,34.85531017
66,Udham Singh Nagar,414659,269406,7812.774,67620.906,144132.21,145253,1307.277,13218.023,130727.7,414659,274859.91,139799.09,33.71423025
67,Hardwar,488011,301828,5131.076,72740.548,155743.248,186183,2420.379,26996.535,171102.177,488011,326845.425,161165.575,33.02498817
68,Panchkula,164551,70895,4253.7,28570.685,28641.58,93656,5525.704,26317.336,74831.144,164551,103472.724,61078.276,37.11814331
69,Ambala,315256,175365,8943.615,55590.705,121703.31,139891,4196.73,27698.418,132616.668,315256,254319.978,60936.022,19.32906019
70,Yamunanagar,357723,214464,14369.088,98438.976,122030.016,143259,5730.36,52146.276,131798.28,357723,253828.296,103894.704,29.04333912
71,Kurukshetra,291821,203553,10788.309,98316.099,102183.606,88268,1941.896,22331.804,81736.168,291821,183919.774,107901.226,36.97514093
72,Kaithal,306787,231091,11323.459,81344.032,101680.04,75696,3557.712,17182.992,66309.696,306787,167989.736,138797.264,45.24222474
73,Karnal,428602,292682,12585.326,129365.444,149560.502,135920,4485.36,38601.28,121376.56,428602,270937.062,157664.938,36.78586148
74,Panipat,327306,173502,11104.128,81719.442,79810.92,153804,6152.16,52139.556,141345.876,327306,221156.796,106149.204,32.43118183
75,Sonipat,417434,283858,12205.894,130574.68,196145.878,133576,4675.16,39538.496,123424.224,417434,319570.102,97863.898,23.44416075
76,Jind,368000,278335,13360.08,134992.475,160599.295,89665,3676.265,33086.385,74152.955,368000,234752.25,133247.75,36.20862772
77,Fatehabad,258380,203020,9947.98,96434.5,139271.72,55360,1439.36,16220.48,50709.76,258380,189981.48,68398.52,26.4720644
78,Sirsa,338792,245476,10309.992,116846.576,163732.492,93316,2706.164,36393.24,88556.884,338792,252289.376,86502.624,25.53266429
79,Hisar,456126,302013,14194.611,151610.526,169731.306,154113,5239.842,54864.228,142092.186,456126,311823.492,144302.508,31.63654517
80,Bhiwani,456282,357047,17852.35,182451.017,183165.111,99235,2778.58,33640.665,86929.86,456282,270094.971,186187.029,40.80525399
81,Rohtak,306942,175203,9986.571,81294.192,127722.987,131739,6455.211,44527.782,119750.751,306942,247473.738,59468.262,19.3744297
82,Jhajjar,290144,211816,12497.144,88327.272,185339,78328,3211.448,25848.24,75116.552,290144,260455.552,29688.448,10.23231499
83,Mahendragarh,267942,223726,12304.93,104032.59,139828.75,44216,1459.128,14237.552,39573.32,267942,179402.07,88539.93,33.04443872
84,Rewari,268754,199449,10570.797,91547.091,98128.908,69305,3049.42,28830.88,60156.74,268754,158285.648,110468.352,41.10389129
85,Gurgaon,523691,141703,6660.041,69859.579,82754.552,381988,10313.676,127202.004,351810.948,523691,434565.5,89125.5,17.01871905
86,Mewat,223635,187398,9182.502,84516.498,109627.83,36237,1630.665,14820.933,33229.329,223635,142857.159,80777.841,36.12039305
87,Faridabad,470681,87700,2718.7,36921.7,34203,382981,10723.468,142468.932,295661.332,470681,329864.332,140816.668,29.91764443
88,Palwal,249159,186069,6140.277,77590.773,92662.362,63090,1514.16,19557.9,55393.02,249159,148055.382,101103.618,40.57795143
89,North West,1026867,67592,2162.944,26563.656,44340.352,959275,37411.725,262841.35,879655.175,1026867,923995.527,102871.473,10.01799386
90,North,301071,4512,406.08,2635.008,803.136,296559,14234.832,122182.308,185349.375,301071,186152.511,114918.489,38.16989647
91,North East,487581,5326,229.018,2300.832,3121.036,482255,11574.12,188561.705,430171.46,487581,433292.496,54288.504,11.13425339
92,East,462218,1086,68.418,554.946,348.606,461132,16600.752,166929.784,381817.296,462218,382165.902,80052.098,17.31912171
93,New Delhi,52664,0,0,0,0,52664,1737.912,18116.416,45238.376,52664,45238.376,7425.624,14.1
94,Central,194897,0,0,0,0,194897,6821.395,72306.787,175212.403,194897,175212.403,19684.597,10.1
95,West,701512,1809,50.652,658.476,1718.55,699703,13994.06,249094.268,665417.553,701512,667136.103,34375.897,4.900257872
96,South West,647682,41179,494.148,2758.993,40396.599,606503,11523.557,146773.726,566473.802,647682,606870.401,40811.599,6.30117851
97,South,731063,2918,52.524,1409.394,2541.578,728145,20388.06,209705.76,654602.355,731063,657143.933,73919.067,10.11117605
98,Ganganagar,562594,397697,13124.001,141182.435,348780.269,164897,4287.322,45676.469,150386.064,562594,499166.333,63427.667,11.27414565
99,Hanumangarh,497753,389059,17896.714,160681.367,352487.454,108694,3152.126,32934.282,95650.72,497753,448138.174,49614.826,9.967760315
100,Bikaner,531933,335754,8393.85,141352.434,272968.002,196179,6473.907,63169.638,183623.544,531933,456591.546,75341.454,14.16371122
101,Churu,493893,344897,8277.528,126922.096,283850.231,148996,4618.876,47976.712,139907.244,493893,423757.475,70135.525,14.20055052
102,Jhunjhunun,650809,500452,24522.148,253228.712,147633.34,150357,2556.069,41047.461,139230.582,650809,286863.922,363945.078,55.92194914
103,Alwar,995261,782294,45373.052,306659.248,367678.18,212967,4685.274,64741.968,186346.125,995261,554024.305,441236.695,44.33376722
104,Bharatpur,0,0,0,0,0,129697,2334.546,32943.038,107000.025,129697,107000.025,22696.975,17.5
105,Dhaulpur,273296,214670,7728.12,84794.65,31771.16,58626,938.016,16884.288,46490.418,273296,78261.578,195034.422,71.36380408
106,Karauli,364355,305047,14337.209,166250.615,23793.666,59308,1423.392,24909.36,41219.06,364355,65012.726,299342.274,82.15676305
107,Sawai Madhopur,353321,282057,18615.762,164721.288,13538.736,71264,2494.24,28363.072,44753.792,353321,58292.528,295028.472,83.50153883
108,Dausa,420694,361084,20220.704,225316.416,29608.888,59610,1847.91,24738.15,37196.64,420694,66805.528,353888.472,84.12016145
109,Jaipur,1732679,754841,33213.004,416672.232,66426.008,977838,25423.788,340287.624,705999.036,1732679,772425.044,960253.956,55.42018781
110,Sikar,705834,527560,27960.68,248480.76,49063.08,178274,2495.836,47777.432,137270.98,705834,186334.06,519499.94,73.60086649
111,Nagaur,842201,675712,28379.904,287853.312,148656.64,166489,1997.868,45118.519,151005.523,842201,299662.163,542538.837,64.41916324
112,Jodhpur,891657,584215,16358.02,183443.51,234854.43,307442,4919.072,82701.898,260403.374,891657,495257.804,396399.196,44.45646656
113,Jaisalmer,189947,159117,10024.371,73830.288,42166.005,30830,739.92,9865.6,24848.98,189947,67014.985,122932.015,64.71911375
114,Barmer,598805,542825,28226.9,268698.375,74367.025,55980,951.66,14442.84,50437.98,598805,124805.005,473999.995,79.15765483
115,Jalor,467418,419216,13414.912,235180.176,70009.072,48202,819.434,19473.608,32054.33,467418,102063.402,365354.598,78.16442627
116,Sirohi,308174,238535,12642.355,141689.79,23137.895,69639,1740.975,20195.31,57661.092,308174,80798.987,227375.013,73.78137448
117,Pali,652717,512909,43084.356,267225.589,57958.717,139808,5592.32,51029.92,86541.152,652717,144499.869,508217.131,77.86178865
118,Ajmer,684254,409335,28244.115,207942.18,66312.27,274919,5223.461,73678.292,187494.758,684254,253807.028,430446.972,62.90748348
119,Tonk,380666,298911,16141.194,149754.411,55896.357,81755,2043.875,27142.66,56492.705,380666,112389.062,268276.938,70.47567631
120,Bundi,303288,239836,8154.424,119678.164,33816.876,63452,697.972,17703.108,54695.624,303288,88512.5,214775.5,70.81569333
121,Bhilwara,675880,530015,10070.285,286738.115,36571.035,145865,3646.625,52948.995,95833.305,675880,132404.34,543475.66,80.41008167
122,Rajsamand,365676,304622,10357.148,171502.186,25283.626,61054,1221.08,20514.144,39196.668,365676,64480.294,301195.706,82.36682364
123,Dungarpur,354363,322816,11621.376,179162.88,33895.68,31547,410.111,9495.647,23565.609,354363,57461.289,296901.711,83.78462509
124,Banswara,429844,390437,16398.354,213178.602,44119.381,39407,394.07,12176.763,28136.598,429844,72255.979,357588.021,83.19018551
125,Chittaurgarh,455653,366780,22740.36,227770.38,33376.98,88873,1866.333,22751.488,65854.893,455653,99231.873,356421.127,78.22205209
126,Kota,515189,203454,18514.314,139569.444,14038.326,311735,7169.905,73257.725,257181.375,515189,271219.701,243969.299,47.35530048
127,Baran,318988,249184,8970.624,136802.016,23921.664,69804,1256.472,18707.472,50607.9,318988,74529.564,244458.436,76.6356214
128,Jhalawar,362387,298624,8361.472,138262.912,36730.752,63763,1211.497,18682.559,48969.984,362387,85700.736,276686.264,76.35104571
129,Udaipur,848218,665449,20628.919,337382.643,49908.675,182769,3655.38,63786.381,104726.637,848218,154635.312,693582.688,81.76939042
130,Pratapgarh,234082,209813,9021.959,125258.361,15106.536,24269,509.649,7280.7,16235.961,234082,31342.497,202739.503,86.61046257
131,Saharanpur,889238,605082,22993.116,363654.282,56272.626,284156,3409.872,62514.32,244942.472,889238,301215.098,588022.902,66.12660525
132,Muzaffarnagar,969850,673746,16843.65,425807.472,41772.252,296104,4145.456,71064.96,207568.904,969850,249341.156,720508.844,74.29075053
133,Bijnor,908523,683875,17096.875,432209,42400.25,224648,6739.44,71213.416,143999.368,908523,186399.618,722123.382,79.48322519
134,Moradabad,1047916,692398,43621.074,309501.906,78240.974,355518,4977.252,85324.32,249218.118,1047916,327459.092,720456.908,68.75139878
135,Rampur,539992,396775,24996.825,177358.425,44835.575,143217,4296.51,45399.789,91802.097,539992,136637.672,403354.328,74.69635254
136,Jyotiba Phule Nagar,451374,335888,19145.616,156187.92,144095.952,115486,3580.066,43076.278,106247.12,451374,250343.072,201030.928,44.53755156
137,Meerut,803823,381520,17549.92,191523.04,209454.48,422303,13513.696,168921.2,391052.578,803823,600507.058,203315.942,25.29362086
138,Baghpat,316046,246055,13533.025,129424.93,124011.72,69991,2239.712,29886.157,64671.684,316046,188683.404,127362.596,40.29875271
139,Ghaziabad,1191723,355407,21324.42,225683.445,169884.546,836316,26762.112,386377.992,782791.776,1191723,952676.322,239046.678,20.05891285
140,Gautam Buddha Nagar,509770,170835,10591.77,110871.915,96350.94,338935,13218.465,164383.475,319615.705,509770,415966.645,93803.355,18.40111325
141,Bulandshahr,880077,658449,38848.491,398361.645,265354.947,221628,8865.12,112365.396,203897.76,880077,469252.707,410824.293,46.68049421
142,Aligarh,858059,582117,23866.797,290476.383,309104.127,275942,5794.782,99063.178,256350.118,858059,565454.245,292604.755,34.10077337
143,Mahamaya Nagar,373033,288150,9220.8,150702.45,169432.2,84883,2631.373,39470.595,73423.795,373033,242855.995,130177.005,34.89691395
144,Mathura,585290,407488,14669.568,206596.416,243677.824,177802,3200.436,60630.482,168556.296,585290,412234.12,173055.88,29.56754429
145,Agra,903823,496971,11927.304,210218.733,256934.007,406852,5289.076,114325.412,372269.58,903823,629203.587,274619.413,30.38420277
146,Firozabad,535368,349747,15039.121,196907.561,108071.823,185621,5197.388,80373.893,157777.85,535368,265849.673,269518.327,50.34262918
147,Mainpuri,411258,338475,14554.425,191915.325,72433.65,72783,1965.141,30859.992,61428.852,411258,133862.502,277395.498,67.45048072
148,Budaun,867624,710956,29860.152,391736.756,117307.74,156668,5013.376,72693.952,113897.636,867624,231205.376,636418.624,73.35189252
149,Bareilly,994411,631613,25264.52,336649.729,123796.148,362798,8344.354,146933.19,294591.976,994411,418388.124,576022.876,57.92603622
150,Pilibhit,461390,371752,15985.336,196656.808,61710.832,89638,1703.122,34241.716,73503.16,461390,135213.992,326176.008,70.69420837
151,Shahjahanpur,655003,520289,34859.363,299686.464,59312.946,134714,5388.56,70185.994,110600.194,655003,169913.14,485089.86,74.05918141
152,Kheri,862610,754938,56620.35,403136.892,101916.63,107672,4737.568,44791.552,81184.688,862610,183101.318,679508.682,78.77356882
153,Sitapur,938902,827583,67034.223,541239.282,173792.43,111319,7013.097,57663.242,86272.225,938902,260064.655,678837.345,72.30119278
154,Hardoi,907677,786613,60569.201,495566.19,352402.624,121064,4842.56,56415.824,111742.072,907677,464144.696,443532.304,48.86455248
155,Unnao,717356,596317,54861.164,373890.759,211692.535,121039,10167.276,55193.784,107482.632,717356,319175.167,398180.833,55.50672651
156,Lucknow,1061721,344155,41298.6,211655.325,92921.85,717566,58840.412,356630.302,616389.194,1061721,709311.044,352409.956,33.1923317
157,Rae Bareli,778418,705025,78257.775,451216,129019.575,73393,6531.977,33613.994,55925.466,778418,184945.041,593472.959,76.240909
158,Farrukhabad,411490,316647,38314.287,196004.493,37680.993,94843,8061.655,40213.432,68286.96,411490,105967.953,305522.047,74.24774527
159,Kannauj,365770,299785,24882.155,186766.055,52162.59,65985,4355.01,30617.04,48828.9,365770,100991.49,264778.51,72.38934576
160,Etawah,351126,265643,19391.939,156729.37,41971.594,85483,4359.633,37783.486,61291.311,351126,103262.905,247863.095,70.59092605
161,Auraiya,314274,255836,21234.388,146338.192,55004.74,58438,2395.958,18174.218,51250.126,314274,106254.866,208019.134,66.19037337
162,Kanpur Dehat,405256,363933,28386.774,201618.882,48767.022,41323,2148.796,14091.143,29380.653,405256,78147.675,327108.325,80.71646688
163,Kanpur Nagar,1049775,364869,31378.734,217461.924,87203.691,684906,32190.582,313002.042,559568.202,1049775,646771.893,403003.107,38.3894746
164,Jalaun,396421,304856,26827.328,177731.048,66153.752,91565,5402.335,39647.645,69223.14,396421,135376.892,261044.108,65.85022186
165,Jhansi,504913,309592,24148.176,169346.824,61299.216,195321,8203.482,79105.005,162897.714,504913,224196.93,280716.07,55.59691868
166,Lalitpur,301832,258013,23221.17,142423.176,52634.652,43819,1752.76,16914.134,32951.888,301832,85586.54,216245.46,71.64431207
167,Hamirpur,311381,256081,21510.804,145454.008,58898.63,55300,3262.7,21843.5,36663.9,311381,95562.53,215818.47,69.31009599
168,Mahoba,246823,198298,13682.562,116599.224,46798.328,48525,2329.2,18779.175,41343.3,246823,88141.628,158681.372,64.28954028
169,Banda,445625,378056,10963.624,216626.088,106989.848,67569,2364.915,27770.859,51082.164,445625,158072.012,287552.988,64.52801975
170,Chitrakoot,230795,207237,4144.74,98230.338,42898.059,23558,447.602,7750.582,16867.528,230795,59765.587,171029.413,74.10447063
171,Fatehpur,636540,558807,15087.789,295050.096,67056.84,77733,2021.058,28139.346,48894.057,636540,115950.897,520589.103,81.78419314
172,Pratapgarh,752786,711085,12088.445,360520.095,126573.13,41701,667.216,20308.387,22810.447,752786,149383.577,603402.423,80.15590394
173,Kaushambi,380620,349856,3848.416,185073.824,69971.2,30764,522.988,10828.928,22611.54,380620,92582.74,288037.26,75.67580789
174,Allahabad,1248570,983266,17698.788,516214.65,116025.388,265304,7163.208,123896.968,155733.448,1248570,271758.836,976811.164,78.23439327
175,Bara Banki,714908,635840,36242.88,364972.16,116358.72,79068,3399.924,32338.812,57008.028,714908,173366.748,541541.252,75.74978207
176,Faizabad,589666,510378,22456.632,281728.656,70432.164,79288,3488.672,34014.552,40754.032,589666,111186.196,478479.804,81.14420774
177,Ambedkar Nagar,566590,501559,23071.714,244760.792,78243.204,65031,1885.899,19834.455,54626.04,566590,132869.244,433720.756,76.54931361
178,Sultanpur,889628,839737,99928.703,427426.133,110845.284,49891,4390.408,19706.945,33826.098,889628,144671.382,744956.618,83.73799139
179,Bahraich,760262,698520,64962.36,359039.28,101285.4,61742,3025.358,22288.862,47047.404,760262,148332.804,611929.196,80.48925186
180,Shrawasti,257274,248770,24628.23,115429.28,34579.03,8504,833.392,3571.68,4626.176,257274,39205.206,218068.794,84.76130274
181,Balrampur,445838,410070,35266.02,204214.86,53719.17,35768,1573.792,10623.096,26074.872,445838,79794.042,366043.958,82.10245829
182,Gonda,726372,673578,57927.708,415597.626,70725.69,52794,3009.258,22173.48,41971.23,726372,112696.92,613675.08,84.48495812
183,Siddharthnagar,513513,480165,32651.22,269852.73,49937.16,33348,3334.8,12505.5,21009.24,513513,70946.4,442566.6,86.18410829
184,Basti,545025,513960,34435.32,291415.32,52423.92,31065,1273.665,12581.325,22335.735,545025,74759.655,470265.345,86.28326132
185,Sant Kabir Nagar,352151,324972,36721.836,166060.692,25672.788,27179,1195.876,8833.175,20955.009,352151,46627.797,305523.203,86.75914679
186,Mahrajganj,607079,573046,37821.036,256724.608,59596.784,34033,1769.716,12047.682,15961.477,607079,75558.261,531520.739,87.55380091
187,Gorakhpur,951128,761958,76195.8,307069.074,99816.498,189170,12863.56,67533.69,136391.57,951128,236208.068,714919.932,75.16548057
188,Kushinagar,785099,742324,75717.048,322168.616,91305.852,42775,2737.6,16211.725,21259.175,785099,112565.027,672533.973,85.66231431
189,Deoria,665706,597778,52604.464,307257.892,99828.926,67928,3939.824,26695.704,39669.952,665706,139498.878,526207.122,79.0449721
190,Azamgarh,971458,891024,79301.136,416999.232,165730.464,80434,2976.058,25417.144,64668.936,971458,230399.4,741058.6,76.28313319
191,Mau,451528,352207,29937.595,196883.713,52126.636,99321,9336.174,38437.227,61876.983,451528,114003.619,337524.381,74.75159481
192,Ballia,629381,564927,48018.795,262691.055,94342.809,64454,4253.964,21656.544,40219.296,629381,134562.105,494818.895,78.61992895
193,Jaunpur,1006670,926088,83347.92,447300.504,155582.784,80582,3867.936,30137.668,52055.972,1006670,207638.756,799031.244,79.37370181
194,Ghazipur,761640,700173,70717.473,330481.656,123230.448,61467,4179.756,27106.947,39031.545,761640,162261.993,599378.007,78.69571018
195,Chandauli,395759,344937,44151.936,164534.949,76576.014,50822,4726.446,18346.742,31001.42,395759,107577.434,288181.566,72.81743839
196,Varanasi,755064,438935,31603.32,202349.035,67595.99,316129,13909.676,140677.405,226980.622,755064,294576.612,460487.388,60.9865373
197,Sant Ravidas Nagar (Bhadohi),339507,293510,30525.04,150277.12,54592.86,45997,3357.781,17662.848,30128.035,339507,84720.895,254786.105,75.04590627
198,Mirzapur,543115,465152,31630.336,227924.48,87448.576,77963,3586.298,28690.384,53950.396,543115,141398.972,401716.028,73.96518748
199,Sonbhadra,428088,337048,22582.216,160434.848,91340.008,91040,3186.4,32592.32,81025.6,428088,172365.608,255722.392,59.73594027
200,Etah,401998,334246,20723.252,159435.342,42114.996,67752,3861.864,29810.88,37670.112,401998,79785.108,322212.892,80.15285947
201,Kanshiram Nagar,343724,271234,13019.232,139956.744,52076.928,72490,2537.15,29503.43,49655.65,343724,101732.578,241991.422,70.4028296
202,Pashchim Champaran,936134,839514,15111.252,468448.812,115013.418,96620,4541.14,33237.28,68310.34,936134,183323.758,752810.242,80.41693198
203,Purba Champaran,1243825,1142260,79958.2,646519.16,105087.92,101565,3148.515,44079.21,79525.395,1243825,184613.315,1059211.685,85.15761341
204,Sheohar,166000,158484,14105.076,97467.66,17750.208,7516,330.704,3765.516,5779.804,166000,23530.012,142469.988,85.82529398
205,Sitamarhi,856964,807294,39557.406,511017.102,92838.81,49670,3675.58,25778.73,26772.13,856964,119610.94,737353.06,86.04247786
206,Madhubani,1088786,1047552,58662.912,586629.12,162370.56,41234,2350.338,17689.386,22266.36,1088786,184636.92,904149.08,83.0419458
207,Supaul,600102,572287,19457.758,341083.052,113312.826,27815,2225.2,12516.75,10263.735,600102,123576.561,476525.439,79.40740724
208,Araria,703274,659061,40861.782,386868.807,123244.407,44213,2873.845,18481.034,26748.865,703274,149993.272,553280.728,78.67214315
209,Kishanganj,445150,401793,18884.271,204110.844,69510.189,43357,3078.347,18513.439,24063.135,445150,93573.324,351576.676,78.97937235
210,Purnia,798596,712847,34929.503,442677.987,64869.077,85749,6688.422,44417.982,40130.532,798596,104999.609,693596.391,86.85197409
211,Katihar,738070,668232,24724.584,430341.408,44771.544,69838,4469.632,33871.43,37922.034,738070,82693.578,655376.422,88.79597084
212,Madhepura,510278,486278,17019.73,302464.916,30149.236,24000,1896,11136,12456,510278,42605.236,467672.764,91.65058341
213,Saharsa,470697,432651,22065.201,281655.801,37207.986,38046,3690.462,17539.206,22485.186,470697,59693.172,411003.828,87.31813205
214,Darbhanga,1002713,907174,45358.7,562447.88,115211.098,95539,6783.269,40412.997,65444.215,1002713,180655.313,822057.687,81.98334788
215,Muzaffarpur,1119394,998694,61919.028,639164.16,112852.422,120700,10500.9,55401.3,61919.1,1119394,174771.522,944622.478,84.38695205
216,Gopalganj,554058,515925,34051.05,331739.775,64490.625,38133,2821.842,16435.323,25777.908,554058,90268.533,463789.467,83.70774666
217,Siwan,674372,632514,51233.634,333967.392,132195.426,41858,3767.22,16743.2,28044.86,674372,160240.286,514131.714,76.23859146
218,Saran,777622,701323,58911.132,423599.092,153589.737,76299,5188.332,27620.238,58826.529,777622,212416.266,565205.734,72.6838662
219,Vaishali,750811,699317,55945.36,371337.327,126576.377,51494,3141.134,20391.624,26158.952,750811,152735.329,598075.671,79.65728672
220,Samastipur,1056465,1012979,83064.278,472048.214,204621.758,43486,2652.646,14959.184,31049.004,1056465,235670.762,820794.238,77.69251589
221,Begusarai,733625,594377,51710.799,305509.778,105799.106,139248,11000.592,57787.92,82156.32,733625,187955.426,545669.574,74.37990445
222,Khagaria,394703,373696,45964.608,212633.024,93424,21007,2226.742,9369.122,13024.34,394703,106448.34,288254.66,73.03077504
223,Bhagalpur,653161,522527,50685.119,309335.984,88829.59,130634,8491.21,50424.724,91705.068,653161,180534.658,472626.342,72.35985339
224,Banka,444096,425604,49370.064,243019.884,108529.02,18492,1812.216,8044.02,10669.884,444096,119198.904,324897.096,73.15920342
225,Munger,308063,222281,19783.009,130701.228,48234.977,85782,6176.304,40574.886,56873.466,308063,105108.443,202954.557,65.88086106
226,Lakhisarai,207645,175882,15477.616,103418.616,44146.382,31763,2445.751,13594.564,22774.071,207645,66920.453,140724.547,67.77170026
227,Sheikhpura,132638,108293,7363.924,65517.265,12020.523,24345,1241.595,11417.805,10906.56,132638,22927.083,109710.917,82.7145441
228,Nalanda,616663,514141,40617.139,301286.626,134190.801,102522,6868.974,40188.624,76071.324,616663,210262.125,406400.875,65.90323645
229,Patna,1210094,657991,50665.307,387556.699,176341.588,552103,46376.652,288749.869,340095.448,1210094,516437.036,693656.964,57.32256866
230,Bhojpur,511927,434559,40848.546,260735.4,105597.837,77368,5725.232,34583.496,40386.096,511927,145983.933,365943.067,71.48344725
231,Buxar,334657,299252,28428.94,178354.192,68229.456,35405,2513.755,14799.29,26058.08,334657,94287.536,240369.464,71.82561966
232,Kaimur (Bhabua),340442,325143,29588.013,189883.512,89739.468,15299,795.548,4742.69,13233.635,340442,102973.103,237468.897,69.75311419
233,Rohtas,608061,512383,44577.321,296157.374,105038.515,95678,7845.596,39323.658,65635.108,608061,170673.623,437387.377,71.93149651
234,Aurangabad,477297,428291,44970.555,243269.288,85658.2,49006,4312.528,19406.376,32932.032,477297,118590.232,358706.768,75.15378643
235,Gaya,807571,696289,45258.785,419862.267,100961.905,111282,5118.972,37279.47,78119.964,807571,179081.869,628489.131,77.82462855
236,Nawada,424874,379551,24291.264,219000.927,80085.261,45323,2674.057,18945.014,31000.932,424874,111086.193,313787.807,73.85432081
237,Jamui,356760,325909,21509.994,188375.402,56056.348,30851,1665.954,12679.761,20978.68,356760,77035.028,279724.972,78.40704451
238,Jehanabad,214792,186660,12319.56,107889.48,32105.52,28132,393.848,6357.832,24587.368,214792,56692.888,158099.112,73.60567991
239,Arwal,144294,134334,10746.72,53330.598,26598.132,9960,537.84,4093.56,6772.8,144294,33370.932,110923.068,76.87295937
240,North  District,13609,11543,923.44,4582.571,2285.514,2066,28.924,466.916,1805.684,13609,4091.198,9517.802,69.93755603
241,West District,33977,32091,2535.189,20153.148,5295.015,1886,88.642,678.96,1467.308,33977,6762.323,27214.677,80.09735115
242,South District,39298,31135,3206.905,19397.105,5386.355,8163,522.432,3240.711,5656.959,39298,11043.314,28254.686,71.89853428
243,East District,82138,40626,3250.08,26081.892,4834.494,41512,3528.52,20299.368,20299.368,82138,25133.862,57004.138,69.40044559
244,Tawang,13182,10730,976.43,6566.76,2392.79,2452,169.188,961.184,1660.004,13182,4052.794,9129.206,69.25509027
245,West Kameng,0,17889,1395.342,11073.291,4025.025,0,0,0,0,17889,4025.025,13863.975,77.5
246,East Kameng,19718,14503,536.611,6569.859,10877.25,5215,93.87,1058.645,5074.195,19718,15951.445,3766.555,19.10211482
247,Papum Pare,50488,20308,1604.332,10478.928,17079.028,30180,1991.88,4647.72,26950.74,50488,44029.768,6458.232,12.79161781
248,Upper Subansiri,19214,14542,857.978,6587.526,12346.158,4672,42.048,714.816,4573.888,19214,16920.046,2293.954,11.93897158
249,West Siang,30775,22272,1670.4,9265.152,19109.376,8503,144.551,1564.552,8069.347,30775,27178.723,3596.277,11.68570918
250,East Siang,29021,19497,799.377,9144.093,13530.918,9524,57.144,2381,9285.9,29021,22816.818,6204.182,21.37825023
251,Upper Siang,10751,8569,214.225,4138.827,3333.341,2182,65.46,909.894,1907.068,10751,5240.409,5510.591,51.25654358
252,Changlang,39920,33422,868.972,19451.604,7352.84,6498,162.45,3073.554,4158.72,39920,11511.56,28408.44,71.16342685
253,Tirap,24920,18420,736.8,8160.06,10094.16,6500,227.5,2041,5960.5,24920,16054.66,8865.34,35.57520064
254,Lower Subansiri,23477,18112,452.8,11392.448,6230.528,5365,64.38,2065.525,4565.615,23477,10796.143,12680.857,54.01395834
255,Kurung Kumey,19695,18603,148.824,7664.436,13226.733,1092,22.932,327.6,1043.952,19695,14270.685,5424.315,27.54158416
256,Dibang Valley,3230,2055,30.825,575.4,974.07,1175,50.525,662.7,1065.725,3230,2039.795,1190.205,36.84845201
257,Lower Dibang Valley,15950,12000,48,3504,6756,3950,43.45,1876.25,3167.9,15950,9923.9,6026.1,37.78119122
258,Lohit,44971,33599,571.183,16732.302,21940.147,11372,90.976,4355.476,10382.636,44971,32322.783,12648.217,28.12527407
259,Anjaw,6453,6025,60.25,2608.825,5157.4,428,6.42,202.016,393.332,6453,5550.732,902.268,13.98214784
260,Mon,51022,43607,654.105,17530.014,29696.367,7415,51.905,1816.675,7303.775,51022,37000.142,14021.858,27.48198424
261,Mokokchung,55278,37536,4692,16778.592,8820.96,17742,904.842,8817.774,14300.052,55278,23121.012,32156.988,58.17321177
262,Zunheboto,37311,31267,2251.224,15539.699,20229.749,6044,338.464,2949.472,4968.168,37311,25197.917,12113.083,32.46517917
263,Wokha,46669,38499,1231.968,20288.973,18479.52,8170,302.29,2638.91,7238.62,46669,25718.14,20950.86,44.89245538
264,Dimapur,111969,49116,2946.96,26571.756,24312.42,62853,2262.708,29352.351,56064.876,111969,80377.296,31591.704,28.21468799
265,Phek,46198,38903,2334.18,20540.784,10776.131,7295,0,4982.485,4683.39,46198,15459.521,30738.479,66.53638469
266,Tuensang,50141,40690,569.66,26041.6,25512.63,9451,529.256,4602.637,8902.842,50141,34415.472,15725.528,31.36261343
267,Longleng,15137,12686,63.43,4325.926,12216.618,2451,17.157,808.83,2414.235,15137,14630.853,506.147,3.343773535
268,Kiphire,20322,16032,272.544,7086.144,11494.944,4290,8.58,1548.69,4049.76,20322,15544.704,4777.296,23.50800118
269,Kohima,76100,31845,318.45,16432.02,18947.775,44255,88.51,9603.335,42794.585,76100,61742.36,14357.64,18.86680683
270,Peren,24277,20204,646.528,9031.188,18506.864,4073,85.533,1409.258,3942.664,24277,22449.528,1827.472,7.527585781
271,Senapati,39834,38008,912.192,20676.352,28658.032,1826,7.304,710.314,1709.136,39834,30367.168,9466.832,23.76570769
272,Tamenglong,28101,23982,815.388,13190.1,11943.036,4119,127.689,2220.141,3657.672,28101,15600.708,12500.292,44.48344187
273,Churachandpur,57825,52972,1165.384,35014.492,36550.68,4853,271.768,3091.361,3673.721,57825,40224.401,17600.599,30.43769823
274,Bishnupur,56149,34977,349.77,20006.844,12801.582,21172,84.688,5885.816,20176.916,56149,32978.498,23170.502,41.26609913
275,Thoubal,104263,65961,395.766,22162.896,34431.642,38302,727.738,12218.338,35237.84,104263,69669.482,34593.518,33.17909325
276,Imphal West,136801,51055,459.495,27059.15,39363.405,85746,1800.666,52390.806,79658.034,136801,119021.439,17779.561,12.99666011
277,Imphal East,110941,64421,1417.262,38459.337,46705.225,46520,837.36,29493.68,45403.52,110941,92108.745,18832.255,16.97501825
278,Ukhrul,41890,36084,3031.056,20423.544,23959.776,5806,603.824,3175.882,5614.402,41890,29574.178,12315.822,29.40038673
279,Chandel,34160,30377,698.671,16282.072,25000.271,3783,87.009,1986.075,3737.604,34160,28737.875,5422.125,15.87273126
280,Mamit,20855,16726,986.834,5803.922,15237.386,4129,169.289,1242.829,3897.776,20855,19135.162,1719.838,8.246645888
281,Kolasib,22176,9669,531.795,3239.115,8866.473,12507,650.364,3351.876,11769.087,22176,20635.56,1540.44,6.946428571
282,Aizawl,100911,20570,1090.21,6808.67,18924.4,80341,3535.004,24504.005,77689.747,100911,96614.147,4296.853,4.258062055
283,Champhai,31112,18395,846.17,6695.78,16721.055,12717,406.944,4005.855,12144.735,31112,28865.79,2246.21,7.219754436
284,Serchhip,15490,7472,388.544,5260.288,6007.488,8018,336.756,4522.152,7705.298,15490,13712.786,1777.214,11.4732989
285,Lunglei,38794,21479,880.639,12543.736,16560.309,17315,2701.14,7047.205,16778.235,38794,33338.544,5455.456,14.06262824
286,Lawngtlai,27266,21993,1297.587,10930.521,18276.183,5273,52.73,1128.422,5204.451,27266,23480.634,3785.366,13.88309983
287,Saiha,12827,7043,154.946,3317.253,6740.151,5784,138.816,2226.84,5587.344,12827,12327.495,499.505,3.894168551
288,West Tripura,506637,289621,4923.557,100208.866,282090.854,217016,1519.112,36024.656,215496.888,506637,497587.742,9049.258,1.786142346
289,South Tripura,264077,219171,10520.208,105640.422,207993.279,44906,673.59,19938.264,43738.444,264077,251731.723,12345.277,4.674877782
290,Dhalai,103528,89457,5546.334,46517.64,86236.548,14071,1350.816,6557.086,13986.574,103528,100223.122,3304.878,3.192255235
291,North Tripura,192621,150437,5867.043,74917.626,121101.785,42184,337.472,11305.312,41002.848,192621,162104.633,30516.367,15.84269991
292,West Garo Hills,157945,139351,7246.252,69257.447,84307.355,18594,297.504,6433.524,18277.902,157945,102585.257,55359.743,35.05001298
293,East Garo Hills,74216,62698,3260.296,20314.152,54547.26,11518,264.914,3305.666,11241.568,74216,65788.828,8427.172,11.35492616
294,South Garo Hills,39643,35930,1437.2,14875.02,30612.36,3713,133.668,1195.586,3642.453,39643,34254.813,5388.187,13.59177408
295,West Khasi Hills,87131,74832,3367.44,32102.928,61811.232,12299,442.764,3369.926,12053.02,87131,73864.252,13266.748,15.22620881
296,Ribhoi,63724,57988,4175.136,27544.3,38504.032,5736,516.24,2294.4,5529.504,63724,44033.536,19690.464,30.89960454
297,East Khasi Hills,215091,106248,8818.584,51424.032,86592.12,108843,7727.853,37441.992,105577.71,215091,192169.83,22921.17,10.65649888
298,Jaintia Hills,83717,76546,4210.03,37507.54,43095.398,7171,451.773,2445.311,6733.569,83717,49828.967,33888.033,40.47927303
299,Kokrajhar,222011,204896,7376.256,100194.144,162482.528,17115,205.38,7239.645,16550.205,222011,179032.733,42978.267,19.35862052
300,Dhubri,521019,460602,18424.08,235828.224,292021.668,60417,1631.259,25314.723,52804.458,521019,344826.126,176192.874,33.81697673
301,Goalpara,268114,228610,21032.12,128250.21,93272.88,39504,1817.184,18487.872,35751.12,268114,129024,139090,51.87718657
302,Barpeta,499381,447189,26384.151,241034.871,286648.149,52192,1617.952,17797.472,47703.488,499381,334351.637,165029.363,33.04678452
303,Morigaon,257481,232206,21595.158,122836.974,102867.258,25275,530.775,5939.625,24491.475,257481,127358.733,130122.267,50.53664814
304,Nagaon,799185,674999,56699.916,313199.536,294299.564,124186,2607.906,17386.04,119342.746,799185,413642.31,385542.69,48.24198277
305,Sonitpur,547853,483325,62832.25,265828.75,120347.925,64528,3032.816,16002.944,58139.728,547853,178487.653,369365.347,67.42052102
306,Lakhimpur,327933,293239,51610.064,188259.438,114363.21,34694,4232.668,13808.212,27789.894,327933,142153.104,185779.896,56.65178436
307,Dhemaji,228262,211758,26681.508,127901.832,131501.718,16504,1320.32,7657.856,14028.4,228262,145530.118,82731.882,36.24426405
308,Tinsukia,381614,290704,54652.352,183724.928,202911.392,90910,6727.34,30727.58,84364.48,381614,287275.872,94338.128,24.72082471
309,Dibrugarh,377015,299852,44378.096,187407.5,171515.344,77163,7098.996,33025.764,69678.189,377015,241193.533,135821.467,36.02548095
310,Sivasagar,405229,360182,49705.116,213587.926,259331.04,45047,2657.773,19685.539,42884.744,405229,302215.784,103013.216,25.42098813
311,Jorhat,367154,286330,29205.66,166357.73,157481.5,80824,3637.08,26025.328,76782.8,367154,234264.3,132889.7,36.19453962
312,Golaghat,327083,292893,28410.621,189794.664,157283.541,34190,1880.45,12889.63,32377.93,327083,189661.471,137421.529,42.01426824
313,Karbi Anglong,252876,215691,21569.1,142787.442,86923.473,37185,2677.32,17960.355,35548.86,252876,122472.333,130403.667,51.56822593
314,Dima Hasao,58919,37610,1880.5,21061.6,29072.53,21309,1065.45,7905.639,20137.005,58919,49209.535,9709.465,16.47934452
315,Cachar,435160,346227,19734.939,187655.034,256900.434,88933,3646.253,26413.101,85731.412,435160,342631.846,92528.154,21.26301912
316,Karimganj,294640,261945,15978.645,157952.835,188338.455,32695,1275.105,11900.98,30471.74,294640,218810.195,75829.805,25.73642581
317,Hailakandi,175417,159215,12896.415,96961.935,93777.635,16202,648.08,5719.306,15262.284,175417,109039.919,66377.081,37.83959422
318,Bongaigaon,220393,181923,14371.917,116430.72,118431.873,38470,1615.74,14887.89,37585.19,220393,156017.063,64375.937,29.20961056
319,Chirang,140631,129018,5547.774,83990.718,62573.73,11613,418.068,6038.76,10974.285,140631,73548.015,67082.985,47.70142074
320,Kamrup,434445,390596,17576.82,243731.904,223030.316,43849,1447.017,19819.748,42358.134,434445,265388.45,169056.55,38.91322262
321,Kamrup Metropolitan,428192,61334,7482.748,34899.046,47595.184,366858,22378.338,136471.176,351449.964,428192,399045.148,29146.852,6.806958561
322,Nalbari,238944,210706,31395.194,121366.656,176360.922,28238,2456.706,10193.918,27503.812,238944,203864.734,35079.266,14.68095704
323,Baksa,295221,291641,48995.688,173526.395,238853.979,3580,272.08,1091.9,3511.98,295221,242365.959,52855.041,17.90355056
324,Darrang,288706,268517,33564.625,172656.431,132110.364,20189,868.127,5854.81,18493.124,288706,150603.488,138102.512,47.83499893
325,Udalguri,281625,267790,29189.11,153979.25,64269.6,13835,2047.58,5464.825,11745.915,281625,76015.515,205609.485,73.00825033
326,Darjiling,518959,303284,37303.932,179240.844,172871.88,215675,18332.375,97269.425,169736.225,518959,342608.105,176350.895,33.98166233
327,Jalpaiguri,1117804,798378,80636.178,418350.072,516550.566,319426,12457.614,87203.298,309843.22,1117804,826393.786,291410.214,26.0698847
328,Koch Bihar,900738,803407,76323.665,490078.27,511770.259,97331,8273.135,42144.323,87695.231,900738,599465.49,301272.51,33.44729655
329,Uttar Dinajpur,778250,683981,76605.872,439799.783,264700.647,94269,7070.175,50151.108,88707.129,778250,353407.776,424842.224,54.58942808
330,Dakshin Dinajpur,461026,390949,69588.922,225186.624,186091.724,70077,6026.622,24106.488,64330.686,461026,250422.41,210603.59,45.68149952
331,Maldah,958996,830318,88844.026,497360.482,344581.97,128678,9264.816,45423.334,115552.844,958996,460134.814,498861.186,52.01911019
332,Murshidabad,1851965,1501066,120085.28,813577.772,785057.518,350899,18597.647,111234.983,305282.13,1851965,1090339.648,761625.352,41.12525625
333,Birbhum,965609,831044,132967.04,480343.432,308317.324,134565,14129.325,50058.18,110746.995,965609,419064.319,546544.681,56.60103427
334,Barddhaman,2227236,1364868,171973.368,787528.836,760231.476,862368,68127.072,292342.752,778718.304,2227236,1538949.78,688286.22,30.9031562
335,Nadia,1549771,1081381,134091.244,626119.599,222764.486,468390,68384.94,187356,377522.34,1549771,600286.826,949484.174,61.26609506
336,North Twenty Four Parganas,2859140,1209337,143911.103,696578.112,332567.675,1649803,153431.679,565882.429,1511219.548,2859140,1843787.223,1015352.777,35.51252394
337,Hugli,1640038,992085,112105.605,585330.15,251989.59,647953,53780.099,314257.205,481429.079,1640038,733418.669,906619.331,55.28038564
338,Bankura,991400,900515,153087.55,505188.915,312478.705,90885,10542.66,44079.225,56166.93,991400,368645.635,622754.365,62.8156511
339,Puruliya,752652,653219,101902.164,339673.88,122151.953,99433,9247.269,37088.509,61250.728,752652,183402.681,569249.319,75.63247278
340,Haora,1352697,483384,45438.096,250392.912,222840.024,869313,54766.719,332077.566,621558.795,1352697,844398.819,508298.181,37.57664732
341,Kolkata,1308106,0,0,0,0,1308106,138659.236,538939.672,1220462.898,1308106,1220462.898,87643.102,6.7
342,South Twenty Four Parganas,2180232,1568802,309053.994,726355.326,1237784.778,611430,33017.22,204217.62,574744.2,2180232,1812528.978,367703.022,16.86531626
343,Paschim Medinipur,1565383,1364335,159627.195,620772.425,819965.335,201048,10655.544,67753.176,178530.624,1565383,998495.959,566887.041,36.21395154
344,Purba Medinipur,1363713,1193006,139581.702,625135.144,196845.99,170707,15192.923,66234.316,103107.028,1363713,299953.018,1063759.982,78.00468148
345,Garhwa,292052,272872,20192.528,171090.744,16645.192,19180,1285.06,8343.3,9762.62,292052,26407.812,265644.188,90.95783901
346,Chatra,215502,200974,27935.386,81193.496,120986.348,14528,944.32,5113.856,12130.88,215502,133117.228,82384.772,38.22923778
347,Kodarma,151485,116714,18907.668,58240.286,64192.7,34771,2816.451,13386.835,28894.701,151485,93087.401,58397.599,38.55008681
348,Giridih,499450,452564,59738.448,236238.408,189624.316,46886,3891.538,15378.608,36195.992,499450,225820.308,273629.692,54.78620322
349,Deoghar,321710,257373,46584.513,126112.77,220311.288,64337,6498.037,22389.276,53271.036,321710,273582.324,48127.676,14.95995648
350,Godda,292030,276454,12716.884,172507.296,13546.246,15576,1059.168,6931.32,7211.688,292030,20757.934,271272.066,92.89184878
351,Sahibganj,260993,223450,10055.25,128483.75,14747.7,37543,1539.263,17419.952,24665.751,260993,39413.451,221579.549,84.8986559
352,Pakur,217175,200588,8424.696,104907.524,15244.688,16587,895.698,7414.389,8343.261,217175,23587.949,193587.051,89.1387365
353,Dhanbad,664219,258764,8021.684,138697.504,15008.312,405455,13785.47,150018.35,248543.915,664219,263552.227,400666.773,60.32148629
354,Bokaro,508764,250312,12765.912,151689.072,13767.16,258452,10854.984,96661.048,176522.716,508764,190289.876,318474.124,62.59761382
355,Lohardaga,111484,96759,8901.828,60667.893,7643.961,14725,618.45,5418.8,9556.525,111484,17200.486,94283.514,84.57134118
356,Purbi Singhbhum,604663,262537,19165.201,170911.587,24153.404,342126,26685.828,159088.59,185774.418,604663,209927.822,394735.178,65.28184757
357,Palamu,407904,355529,25242.559,212961.871,25953.617,52375,2985.375,24459.125,24354.375,407904,50307.992,357596.008,87.66670785
358,Latehar,160514,146377,6879.719,76408.794,17857.994,14137,551.343,6290.965,8383.241,160514,26241.235,134272.765,83.65174689
359,Hazaribagh,381748,312983,12832.303,157430.449,20656.878,68765,2200.48,25236.755,43115.655,381748,63772.533,317975.467,83.29459932
360,Ramgarh,252625,134067,3753.876,83791.875,9786.891,118558,5216.552,42917.996,83583.39,252625,93370.281,159254.719,63.03996794
361,Dumka,326978,303697,17614.426,154885.47,41302.792,23281,535.463,6006.498,18787.767,326978,60090.559,266887.441,81.62244585
362,Jamtara,185668,165555,10429.965,103968.54,12251.07,20113,1086.102,8065.313,11725.879,185668,23976.949,161691.051,87.08611662
363,Ranchi,730982,420740,9256.28,244029.2,30293.28,310242,15512.1,125958.252,173115.036,730982,203408.316,527573.684,72.17327978
364,Khunti,135719,0,0,0,0,0,0,0,0,0,0,0,#DIV/0!
365,Gumla,233074,216629,8231.902,108531.129,23829.19,16445,592.02,6545.11,9867,233074,33696.19,199377.81,85.54270747
366,Simdega,155283,144169,8650.14,92123.991,8938.478,11114,555.7,3723.19,7135.188,155283,16073.666,139209.334,89.64879221
367,Pashchimi Singhbhum,400324,336928,16509.472,210916.928,14824.832,63396,2092.068,21237.66,38100.996,400324,52925.828,347398.172,86.77925181
368,Saraikela-Kharsawan,285687,217248,6517.44,119486.4,28676.736,68439,2805.999,21763.602,54135.249,285687,82811.985,202875.015,71.013037
369,Bargarh,458961,411566,13993.244,237473.582,16462.64,47395,1421.85,18104.89,25545.905,458961,42008.545,416952.455,90.84703384
370,Jharsuguda,177186,103224,2993.496,65340.792,6606.336,73962,3698.1,28401.408,50663.97,177186,57270.306,119915.694,67.67786055
371,Sambalpur,315495,220697,6400.213,131535.412,10814.153,94798,3791.92,37919.2,50622.132,315495,61436.285,254058.715,80.52701786
372,Debagarh,98758,91408,3656.32,46526.672,3382.096,7350,330.75,2756.25,4329.15,98758,7711.246,91046.754,92.19177586
373,Sundargarh,618062,387911,13964.796,207532.385,24826.304,230151,7825.134,84235.266,148447.395,618062,173273.699,444788.301,71.9649972
374,Kendujhar,574298,490634,41703.89,328234.146,60347.982,83664,3932.208,39071.088,45345.888,574298,105693.87,468604.13,81.59598849
375,Mayurbhanj,753589,689110,40657.49,492713.65,64776.34,64479,3610.824,29337.945,34560.744,753589,99337.084,654251.916,86.81813508
376,Baleshwar,683594,601154,46890.012,419004.338,51699.244,82440,4286.88,33965.28,49051.8,683594,100751.044,582842.956,85.26156695
377,Bhadrak,428106,373862,50097.508,280396.5,22057.858,54244,2983.42,33794.012,27827.172,428106,49885.03,378220.97,88.34750506
378,Kendrapara,438243,414749,24055.442,314794.491,34838.916,23494,1033.736,11018.686,15388.57,438243,50227.486,388015.514,88.538896
379,Jagatsinghapur,352732,309685,26632.91,216779.5,28800.705,43047,3314.619,21006.936,21867.876,352732,50668.581,302063.419,85.63538862
380,Cuttack,790297,579529,49839.494,420158.525,86929.35,210768,17072.208,92316.384,134891.52,790297,221820.87,568476.13,71.93196102
381,Jajapur,541139,495611,57490.876,307774.431,112503.697,45528,3278.016,19212.816,30959.04,541139,143462.737,397676.263,73.48874559
382,Dhenkanal,352369,315390,28069.71,202795.77,50462.4,36979,2736.446,19487.933,19155.122,352369,69617.522,282751.478,80.24300605
383,Anugul,414587,340410,25530.75,194033.7,53784.78,74177,6527.576,33082.942,42874.306,414587,96659.086,317927.914,76.68545179
384,Nayagarh,288334,261646,18576.866,149923.158,57823.766,26688,987.456,15265.536,11956.224,288334,69779.99,218554.01,75.79890336
385,Khordha,688729,331834,33515.234,182508.7,74330.816,356895,22841.28,130623.57,278378.1,688729,352708.916,336020.084,48.78843261
386,Puri,474224,402014,58694.044,232364.092,80000.786,72210,5054.7,30978.09,44192.52,474224,124193.306,350030.694,73.81125671
387,Ganjam,1015394,795476,91479.74,521036.78,112957.592,219918,16713.768,91925.724,131510.964,1015394,244468.556,770925.444,75.92377383
388,Gajapati,175145,152095,18251.4,97949.18,25399.865,23050,1521.3,8943.4,14752,175145,40151.865,134993.135,77.07507208
389,Kandhamal,242935,218446,26650.412,140460.778,34732.914,24489,1861.164,11877.165,13664.862,242935,48397.776,194537.224,80.07789079
390,Baudh,137954,131377,11167.045,81979.248,24041.991,6577,335.427,2407.182,5037.982,137954,29079.973,108874.027,78.92052931
391,Subarnapur,193502,176927,19815.824,113410.207,27600.612,16575,961.35,7690.8,12149.475,193502,39750.087,153751.913,79.45753171
392,Balangir,538962,476770,45293.15,293690.32,91063.07,62192,3233.984,24814.608,40611.376,538962,131674.446,407287.554,75.56888129
393,Nuapada,209127,197258,11638.222,132162.86,25051.766,11869,593.45,4830.683,6729.723,209127,31781.489,177345.511,84.80278061
394,Kalahandi,494748,456336,30118.176,313959.168,28749.168,38412,2458.368,17861.58,21702.78,494748,50451.948,444296.052,89.80249582
395,Rayagada,286548,237343,11155.121,178244.593,21360.87,49205,2657.07,27604.005,25242.165,286548,46603.035,239944.965,83.73639495
396,Nabarangapur,372264,342840,24684.48,253701.6,27084.36,29424,1706.592,18066.336,11475.36,372264,38559.72,333704.28,89.64183483
397,Koraput,460128,381789,26725.23,261907.254,38560.689,78339,5327.052,36740.991,45514.959,460128,84075.648,376052.352,81.72776966
398,Malkangiri,183723,167884,8058.432,122387.436,21321.268,15839,1029.535,8347.153,7666.076,183723,28987.344,154735.656,84.22225633
399,Koriya,181615,121852,11454.088,85661.956,9991.864,59763,4123.647,28566.714,35140.644,181615,45132.508,136482.492,75.14935
400,Surguja,0,0,0,0,0,65167,2802.181,23329.786,39426.035,65167,39426.035,25740.965,39.5
401,Jashpur,0,0,0,0,0,20722,1015.378,10651.108,11065.548,20722,11065.548,9656.452,46.6
402,Raigarh,420916,354278,18776.734,232760.646,29050.796,66638,3731.728,25922.182,43248.062,420916,72298.858,348617.142,82.82344743
403,Korba,332653,206598,15288.252,139040.454,12395.88,126055,10588.62,57607.135,60128.235,332653,72524.115,260128.885,78.19826817
404,Janjgir - Champa,440773,379583,8350.826,191689.415,32264.555,61190,795.47,22946.25,36285.67,440773,68550.225,372222.775,84.44772593
405,Bilaspur,737806,549632,11542.272,269319.68,118170.88,188174,3010.784,55323.156,115350.662,737806,233521.542,504284.458,68.3491945
406,Kabeerdham,211179,187311,3371.598,78483.309,22102.698,23868,286.416,9022.104,10072.296,211179,32174.994,179004.006,84.76411291
407,Rajnandgaon,390132,313604,15052.992,180008.696,40768.52,76528,2295.84,28927.584,43850.544,390132,84619.064,305512.936,78.31014528
408,Durg,883189,533448,25605.504,306199.152,69348.24,349741,3847.151,61904.157,283290.21,883189,352638.45,530550.55,60.07214198
409,Raipur,1068500,673499,24245.964,190600.217,342810.991,395001,11850.03,149310.378,226335.573,1068500,569146.564,499353.436,46.73406046
410,Mahasamund,310567,274793,9892.548,77766.419,139869.637,35774,393.514,6331.998,28976.94,310567,168846.577,141720.423,45.63280162
411,Dhamtari,210481,168689,5398.048,91766.816,20073.991,41792,668.672,12412.224,24490.112,210481,44564.103,165916.897,78.82749369
412,Uttar Bastar Kanker,194069,169191,9474.696,99822.69,18611.01,24878,945.364,10896.564,11045.832,194069,29656.842,164412.158,84.71840325
413,Bastar,371319,316425,19618.35,192702.825,28478.25,54894,2799.594,20146.098,27172.53,371319,55650.78,315668.22,85.01267643
414,Narayanpur,33095,26916,915.144,12838.932,4979.46,6179,154.475,2026.712,3287.228,33095,8266.688,24828.312,75.02133857
415,Dakshin Bastar Dantewada,137849,106545,5327.25,55829.58,14916.3,31304,688.688,9265.984,19596.304,137849,34512.604,103336.396,74.96347162
416,Bijapur,58391,50449,2976.491,28755.93,6507.921,7942,230.318,2390.542,5162.3,58391,11670.221,46720.779,80.01366478
417,Sheopur,176522,150146,6906.716,90087.6,22822.192,26376,1081.416,10866.912,13214.376,176522,36036.568,140485.432,79.58522564
418,Morena,414586,319298,13410.516,175933.198,77270.116,95288,3335.08,37352.896,51074.368,414586,128344.484,286241.516,69.04273564
419,Bhind,359596,271211,8136.33,126113.115,40139.228,88385,2828.32,33409.53,53826.465,359596,93965.693,265630.307,73.86909393
420,Gwalior,444892,172720,5872.48,90159.84,24008.08,272172,7892.988,96348.888,166024.92,444892,190033,254859,57.28558841
421,Datia,203854,160453,7059.932,92420.928,6578.573,43401,954.822,24000.753,19183.242,203854,25761.815,178092.185,87.36261491
422,Shivpuri,434618,367859,11771.488,184297.359,26485.848,66759,1936.011,23565.927,33245.982,434618,59731.83,374886.17,86.2564758
423,Tikamgarh,382992,322772,13556.424,182366.18,8714.844,60220,1866.82,36854.64,16921.82,382992,25636.664,357355.336,93.30621423
424,Chhatarpur,470917,375869,15786.498,212365.985,10148.463,95048,2756.392,26328.296,56553.56,470917,66702.023,404214.977,85.83571564
425,Panna,288923,256744,17458.592,107062.248,12837.2,32179,997.549,19693.548,9042.299,288923,21879.499,267043.501,92.42722144
426,Sagar,613915,448408,30491.744,186986.136,22420.4,165507,4799.703,45845.439,98476.665,613915,120897.065,493017.935,80.30719806
427,Damoh,369901,303387,16079.511,183245.748,17596.446,66514,2128.448,27004.684,38046.008,369901,55642.454,314258.546,84.95747403
428,Satna,576004,461831,24015.212,247079.585,30942.677,114173,2397.633,40759.761,84259.674,576004,115202.351,460801.649,79.99973073
429,Rewa,618399,523910,24099.86,270337.56,48723.63,94489,2362.225,38457.023,63591.097,618399,112314.727,506084.273,81.83782202
430,Umaria,168066,138100,6214.5,66426.1,23891.3,29966,599.32,8060.854,26070.42,168066,49961.72,118104.28,70.27255959
431,Neemuch,242197,174235,4704.345,81367.745,19688.555,67962,2038.86,23650.776,42884.022,242197,62572.577,179624.423,74.16459452
432,Mandsaur,384119,302287,12696.054,164141.841,16928.072,81832,2291.296,25777.08,53763.624,384119,70691.696,313427.304,81.59640736
433,Ratlam,373867,266716,7734.764,119222.052,10401.924,107151,2893.077,35252.679,48432.252,373867,58834.176,315032.824,84.26334071
434,Ujjain,489449,300765,7819.89,135945.78,15639.78,188684,3018.944,54907.044,109248.036,489449,124887.816,364561.184,74.48399813
435,Shajapur,386608,312611,9378.33,148490.225,15630.55,73997,1701.931,26638.92,39810.386,386608,55440.936,331167.064,85.65965112
436,Dewas,376009,274995,12924.765,141897.42,30799.44,101014,2525.35,32425.494,65356.058,376009,96155.498,279853.502,74.42734137
437,Dhar,515712,412348,20617.4,223080.268,24328.532,103364,2997.556,35247.124,58090.568,515712,82419.1,433292.9,84.01838623
438,Indore,788318,200371,4408.162,78545.432,45684.588,587947,13522.781,137579.598,355707.935,788318,401392.523,386925.477,49.08241052
439,Khargone (West Nimar),460163,383543,8054.403,133089.421,68270.654,76620,1838.88,16703.16,45588.9,460163,113859.554,346303.446,75.25669078
440,Barwani,299270,250358,10515.036,118168.976,14520.764,48912,1027.152,13842.096,26999.424,299270,41520.188,257749.812,86.1261777
441,Rajgarh,401717,331894,9293.032,153666.922,43810.008,69823,977.522,19271.148,44407.428,401717,88217.436,313499.564,78.03990471
442,Vidisha,376409,292579,6729.317,145411.763,38913.007,83830,1425.11,24729.85,57172.06,376409,96085.067,280323.933,74.47322806
443,Bhopal,700719,118893,4161.255,68601.261,15931.662,581826,8145.564,160002.15,481751.928,700719,497683.59,203035.41,28.9752968
444,Sehore,329647,270427,10276.226,148464.423,48406.433,59220,1125.18,17825.22,49507.92,329647,97914.353,231732.647,70.29721096
445,Raisen,325713,251272,11055.968,142471.224,33670.448,74441,1786.584,23895.561,49652.147,325713,83322.595,242390.405,74.41840056
446,Betul,406649,318945,19774.59,156283.05,69211.065,87704,2280.304,26749.72,67795.192,406649,137006.257,269642.743,66.30847315
447,Harda,144559,112714,5297.558,63683.41,21641.088,31845,955.35,9776.415,24329.58,144559,45970.668,98588.332,68.19937327
448,Hoshangabad,315396,209650,9643.9,86795.1,87004.75,105746,2855.142,24638.818,95488.638,315396,182493.388,132902.612,42.13833149
449,Katni,349031,276151,17397.513,157129.919,35899.63,72880,2332.16,21499.6,53785.44,349031,89685.07,259345.93,74.30455461
450,Jabalpur,624761,272284,14158.768,163914.968,28045.252,352477,14451.557,131826.398,232987.297,624761,261032.549,363728.451,58.21881503
451,Narsimhapur,283718,230659,14992.835,139318.036,17991.402,53059,1697.888,18942.063,32365.99,283718,50357.392,233360.608,82.25089984
452,Dindori,227795,218021,6540.63,98545.492,25072.415,9774,205.254,2990.844,6988.41,227795,32060.825,195734.175,85.92558002
453,Mandla,316932,279674,12025.982,130328.084,60129.91,37258,968.708,11214.658,31259.462,316932,91389.372,225542.628,71.16435955
454,Chhindwara,553944,413142,27267.372,180129.912,89651.814,140802,3520.05,44071.026,111374.382,553944,201026.196,352917.804,63.71001473
455,Seoni,382587,335045,24123.24,155460.88,61983.325,47542,1901.68,17305.288,34230.24,382587,96213.565,286373.435,74.85184677
456,Balaghat,470867,400074,19203.552,182433.744,51609.546,70793,2123.79,21450.279,50687.788,470867,102297.334,368569.666,78.27468606
457,Guna,285085,212765,16382.905,89786.83,81488.995,72320,3182.08,19164.8,57349.76,285085,138838.755,146246.245,51.29917218
458,Ashoknagar,206741,169606,17299.812,74457.034,57326.828,37135,1262.59,10657.745,29930.81,206741,87257.638,119483.362,57.7937429
459,Shahdol,291440,233594,10278.136,108621.21,20089.084,57846,1388.304,16543.956,38062.668,291440,58151.752,233288.248,80.04674993
460,Anuppur,207713,0,0,0,0,0,0,0,0,0,0,0,#DIV/0!
461,Sidhi,276869,250953,24593.394,122716.017,69012.075,25916,1529.044,8733.692,18607.688,276869,87619.763,189249.237,68.35335014
462,Singrauli,287325,228732,6175.764,117110.784,8463.084,58593,3222.615,22089.561,32401.929,287325,40865.013,246459.987,85.77742522
463,Jhabua,235793,211080,9076.44,91186.56,14142.36,24713,988.52,7067.918,16088.163,235793,30230.523,205562.477,87.179211
464,Alirajpur,150528,135866,6929.166,68340.598,16711.518,14662,542.494,4911.77,9720.906,150528,26432.424,124095.576,82.44019452
465,Khandwa (East Nimar),329088,265663,13017.487,119814.013,40380.776,63425,2219.875,17568.725,46871.075,329088,87251.851,241836.149,73.48677223
466,Burhanpur,178840,115979,6262.866,44419.957,13569.543,62861,2137.274,18481.134,39665.291,178840,53234.834,125605.166,70.23326213
467,Kachchh,739275,488293,14160.497,240240.156,36133.682,250982,8282.406,84329.952,149585.272,739275,185718.954,553556.046,74.87823151
468,Banas Kantha,804197,666773,18002.871,293380.12,46674.11,137424,2336.208,51946.272,77369.712,804197,124043.822,680153.178,84.57544333
469,Patan,404138,301483,8743.007,133255.486,22912.708,102655,2771.685,29975.26,65391.235,404138,88303.943,315834.057,78.15005196
470,Mahesana,659743,476005,9044.095,175169.84,20944.22,183738,4042.236,45934.5,104546.922,659743,125491.142,534251.858,80.97878386
471,Sabar Kantha,665533,544024,10336.456,207817.168,22304.984,121509,1822.635,32564.412,59539.41,665533,81844.394,583688.606,87.70242888
472,Gandhinagar,433258,237624,4514.856,105505.056,5227.728,195634,5086.484,53016.814,101925.314,433258,107153.042,326104.958,75.26807537
473,Ahmadabad,2198552,353169,18011.619,221083.794,20483.802,1845383,33216.894,470572.665,1417254.144,2198552,1437737.946,760814.054,34.60523354
474,Surendranagar,500598,340788,13631.52,211629.348,17039.4,159810,4155.06,47623.38,120336.93,500598,137376.33,363221.67,72.55755516
475,Rajkot,1181006,459474,36757.92,240764.376,79948.476,721532,31747.408,224396.452,500021.676,1181006,579970.152,601035.848,50.89185389
476,Jamnagar,646325,347158,22218.112,168024.472,64224.23,299167,11667.513,124752.639,205228.562,646325,269452.792,376872.208,58.31001555
477,Porbandar,183572,96015,1056.165,24387.81,47239.38,87557,875.57,18737.198,76962.603,183572,124201.983,59370.017,32.34154283
478,Junagadh,776743,489237,19569.48,189823.956,83659.527,287506,4312.59,68426.428,224254.68,776743,307914.207,468828.793,60.35829007
479,Amreli,430613,313714,11921.132,117015.322,112623.326,116899,1753.485,29809.245,96324.776,430613,208948.102,221664.898,51.47659221
480,Bhavnagar,744077,387251,10068.526,127018.328,171939.444,356826,4638.738,77788.068,303302.1,744077,475241.544,268835.456,36.13005858
481,Anand,621987,413078,8674.638,169775.058,128467.258,208909,3342.544,56614.339,160233.203,621987,288700.461,333286.539,53.58416478
482,Kheda,622026,461479,10614.017,168901.314,197513.012,160547,2087.111,39173.468,129721.976,622026,327234.988,294791.012,47.39207236
483,Panch Mahals,567601,463363,9267.26,187662.015,152446.427,104238,625.428,24912.882,96003.198,567601,248449.625,319151.375,56.22812063
484,Dohad,376504,323697,7445.031,117825.708,67328.976,52807,739.298,12568.066,36964.9,376504,104293.876,272210.124,72.29939762
485,Vadodara,1240425,547454,8211.81,155476.936,240879.76,692971,7622.681,151760.649,599419.915,1240425,840299.675,400125.325,32.2571155
486,Narmada,160369,138121,2209.936,41574.421,48066.108,22248,222.48,5117.04,18643.824,160369,66709.932,93659.068,58.40222736
487,Bharuch,481996,300677,6915.571,91405.808,117564.707,181319,2357.147,44604.474,140340.906,481996,257905.613,224090.387,46.49216736
488,The Dangs,59618,52102,885.734,17037.354,23966.92,7516,105.224,1796.324,6441.212,59618,30408.132,29209.868,48.99504848
489,Navsari,409156,267739,4551.563,77376.571,139492.019,141417,1414.17,34929.999,110870.928,409156,250362.947,158793.053,38.80990454
490,Valsad,498391,262410,3936.15,87120.12,84233.61,235981,2595.791,60647.117,192560.496,498391,276794.106,221596.894,44.46245899
491,Surat,1899838,369840,7766.64,152743.92,152743.92,1529998,19889.974,399329.478,1269898.34,1899838,1422642.26,477195.74,25.11770688
492,Tapi,218489,192272,4806.8,81138.784,48837.088,26217,393.255,6554.25,20580.345,218489,69417.433,149071.567,68.2284083
493,Diu,18850,9788,254.488,4933.152,1663.96,9062,99.682,2211.128,7621.142,18850,9285.102,9564.898,50.74216446
494,Daman,71079,10006,210.126,5953.57,610.366,61073,671.803,14413.228,43850.414,71079,44460.78,26618.22,37.44878234
495,Dadra and Nagar Haveli,108783,48221,964.42,22181.66,13742.985,60562,484.496,12051.838,55656.478,108783,69399.463,39383.537,36.2037607
496,Nandurbar,405012,333440,4334.72,146380.16,53350.4,71572,1359.868,24119.764,53464.284,405012,106814.684,298197.316,73.62678538
497,Dhule,528790,382777,5741.655,146220.814,175311.866,146013,876.078,29494.626,130535.622,528790,305847.488,222942.512,42.16087899
498,Jalgaon,1169788,796223,8758.453,289028.949,201444.419,373565,2614.955,100115.42,215920.57,1169788,417364.989,752423.011,64.32131386
499,Buldana,728192,575405,8055.67,198514.725,256055.225,152787,1375.083,30557.4,130938.459,728192,386993.684,341198.316,46.85554304
500,Akola,504235,308158,4006.054,122338.726,85051.608,196077,1764.693,48234.942,149018.52,504235,234070.128,270164.872,53.57915892
501,Washim,330846,274925,3299.1,84951.825,137187.575,55921,279.605,11072.358,52453.898,330846,189641.473,141204.527,42.67983503
502,Amravati,781815,508921,5089.21,184738.323,117051.83,272894,2183.152,81322.412,211492.85,781815,328544.68,453270.32,57.97667223
503,Wardha,388704,268486,805.458,34097.722,116254.438,120218,240.436,12863.326,89802.846,388704,206057.284,182646.716,46.98863814
504,Nagpur,1308366,430844,3877.596,113742.816,246873.612,877522,5265.132,325560.662,761689.096,1308366,1008562.708,299803.292,22.91432917
505,Bhandara,356418,283843,2270.744,129148.565,75218.395,72575,145.15,15095.6,59003.475,356418,134221.87,222196.13,62.3414446
506,Gondiya,386515,319702,12468.378,156334.278,71293.546,66813,2204.829,19509.396,42426.255,386515,113719.801,272795.199,70.57816618
507,Gadchiroli,330840,293586,9981.924,109801.164,54900.582,37254,596.064,8456.658,24326.862,330840,79227.444,251612.556,76.05264055
508,Chandrapur,684655,451324,24822.82,175565.036,101999.224,233331,3966.627,63232.701,151431.819,684655,253431.043,431223.957,62.98412441
509,Yavatmal,798132,629243,42159.281,295114.967,183109.713,168889,5911.115,58097.816,102853.401,798132,285963.114,512168.886,64.17094992
510,Nanded,821682,591119,41969.449,280781.525,182655.771,230563,8530.831,77930.294,166697.049,821682,349352.82,472329.18,57.48320883
511,Hingoli,284369,242456,16244.552,112257.128,66675.4,41913,1089.738,14962.941,28207.449,284369,94882.849,189486.151,66.63389856
512,Parbhani,427239,293480,19369.68,130892.08,120620.28,133759,3879.011,41866.567,105134.574,427239,225754.854,201484.146,47.15958655
513,Jalna,502830,404746,38450.87,176874.002,191040.112,98084,3629.108,23540.16,76897.856,502830,267937.968,234892.032,46.71400513
514,Aurangabad,979132,551789,45798.487,215197.71,254374.729,427343,11965.604,101280.291,384608.7,979132,638983.429,340148.571,34.7398074
515,Nashik,1668932,904661,73277.541,394432.196,504800.838,764271,25985.214,191067.75,644280.453,1668932,1149081.291,519850.709,31.14870522
516,Thane,3618151,713994,37127.688,287739.582,339147.15,2904157,95837.181,784122.39,2244913.361,3618151,2584060.511,1034090.489,28.58063384
517,Mumbai Suburban,3078829,0,0,0,0,3078829,123153.16,831283.83,2028948.311,3078829,2028948.311,1049880.689,34.1
518,Mumbai,1107321,0,0,0,0,1107321,37648.914,279044.892,793949.157,1107321,793949.157,313371.843,28.3
519,Raigarh,959028,581868,47131.308,272896.092,126847.224,377160,14709.24,110507.88,257223.12,959028,384070.344,574957.656,59.95212403
520,Pune,3222457,1165718,90926.004,596847.616,223817.856,2056739,82269.56,719858.65,1505532.948,3222457,1729350.804,1493106.196,46.33440248
521,Ahmadnagar,1323404,1041393,62483.58,486330.531,280134.717,282011,8742.341,109138.257,185281.227,1323404,465415.944,857988.056,64.83190741
522,Bid,698571,563114,46738.462,266352.922,74894.162,135457,5960.108,48493.606,90620.733,698571,165514.895,533056.105,76.30664671
523,Latur,585632,428616,29574.504,175732.56,125155.872,157016,4867.496,57310.84,110225.232,585632,235381.104,350250.896,59.80733566
524,Osmanabad,444990,367158,20560.848,126669.51,107577.294,77832,1945.8,18913.176,53781.912,444990,161359.206,283630.794,63.73868941
525,Solapur,1156231,779929,45235.882,287013.872,309631.813,376302,4139.322,81657.534,280344.99,1156231,589976.803,566254.197,48.97414072
526,Satara,975471,774522,37951.578,185110.758,478654.596,200949,2612.337,41998.341,161763.945,975471,640418.541,335052.459,34.34776216
527,Ratnagiri,639362,538538,39851.812,164792.628,210568.358,100824,2520.6,23290.344,74206.464,639362,284774.822,354587.178,55.45953278
528,Sindhudurg,340836,295847,23667.76,121297.27,45560.438,44989,1304.681,13856.612,31087.399,340836,76647.837,264188.163,77.51181301
529,Kolhapur,1179314,796496,45400.272,319394.896,197531.008,382818,9953.268,117142.308,298215.222,1179314,495746.23,683567.77,57.96316927
530,Sangli,853673,626872,38866.064,239465.104,139165.584,226801,6350.428,71669.116,131090.978,853673,270256.562,583416.438,68.34191054
531,Adilabad,817714,597466,46602.348,176849.936,191786.586,220248,4184.712,67836.384,134131.032,817714,325917.618,491796.382,60.14283503
532,Nizamabad,720298,565165,29953.745,157115.87,396180.665,155133,4188.591,32112.531,116970.282,720298,513150.947,207147.053,28.7585212
533,Karimnagar,1165280,877236,35966.676,251766.732,589502.592,288044,5472.836,47815.304,236196.08,1165280,825698.672,339581.328,29.14160785
534,Medak,789132,593653,27308.038,163848.228,441677.832,195479,5864.37,46524.002,169675.772,789132,611353.604,177778.396,22.5283471
535,Hyderabad,1066289,0,0,0,0,1066289,12795.468,236716.158,796517.883,1066289,796517.883,269771.117,25.3
536,Rangareddy,1561322,432098,22036.998,118394.852,261419.29,1129224,27101.376,285693.672,876277.824,1561322,1137697.114,423624.886,27.1324484
537,Mahbubnagar,1010015,848963,55182.595,303079.791,117156.894,161052,4509.456,37847.22,113863.764,1010015,231020.658,778994.342,77.12700722
538,Nalgonda,1030937,833504,35840.672,265054.272,245050.176,197433,4343.526,50147.982,168805.215,1030937,413855.391,617081.609,59.85638395
539,Warangal,1046987,758738,38695.638,245831.112,259488.396,288249,5188.482,60532.29,243282.156,1046987,502770.552,544216.448,51.97929373
540,Khammam,870625,669262,29447.528,231564.652,212825.316,201363,2416.356,39064.422,170353.098,870625,383178.414,487446.586,55.98812187
541,Srikakulam,902436,752752,16560.544,191951.76,327447.12,149684,1047.788,24248.808,143696.64,902436,471143.76,431292.24,47.79200298
542,Vizianagaram,749514,592458,36732.396,182477.064,106049.982,157056,2669.952,29840.64,122660.736,749514,228710.718,520803.282,69.48546418
543,Visakhapatnam,1379340,718847,42411.973,245845.674,229312.193,660493,11228.381,160499.799,536320.316,1379340,765632.509,613707.491,44.4928365
544,East Godavari,1605841,1199479,101955.715,465397.852,356245.263,406362,11784.498,96307.794,334842.288,1605841,691087.551,914753.449,56.96413586
545,West Godavari,1255628,1007255,52377.26,341459.445,376713.37,248373,5464.206,56132.298,212110.542,1255628,588823.912,666804.088,53.10522607
546,Krishna,1476334,909292,31825.22,291882.732,116389.376,567042,9639.714,121346.988,373680.678,1476334,490070.054,986263.946,66.80493344
547,Guntur,1582990,1069877,35305.941,330591.993,114476.839,513113,9749.147,102622.6,340707.032,1582990,455183.871,1127806.129,71.24530976
548,Prakasam,1087575,873486,27951.552,259425.342,186926.004,214089,2354.979,36395.13,178764.315,1087575,365690.319,721884.681,66.37562292
549,Sri Potti Sriramulu Nellore,953513,689137,26876.343,209497.648,323894.39,264376,4494.392,55254.584,230800.248,953513,554694.638,398818.362,41.82621128
550,Y.S.R.,884093,590589,28348.272,177176.7,347856.921,293504,6457.088,61929.344,260338.048,884093,608194.969,275898.031,31.20690142
551,Kurnool,1090835,783853,34489.532,241426.724,440525.386,306982,5218.694,61703.382,285493.26,1090835,726018.646,364816.354,33.44377051
552,Anantapur,1244428,902997,37925.874,279929.07,419893.605,341431,6487.189,74773.389,294654.953,1244428,714548.558,529879.442,42.58016068
553,Chittoor,0,0,0,0,0,395900,7918,83930.8,306426.6,395900,306426.6,89473.4,22.6
554,Belgaum,1318975,962777,41399.411,268614.783,245508.135,356198,6767.762,59128.868,280684.024,1318975,526192.159,792782.841,60.10597934
555,Bagalkot,490657,324799,8444.774,71130.981,92242.916,165858,1824.438,30849.588,131193.678,490657,223436.594,267220.406,54.46175353
556,Bijapur,527490,396449,13082.817,107041.23,109419.924,131041,1834.574,27518.61,95266.807,527490,204686.731,322803.269,61.19609263
557,Bidar,389403,287134,8326.886,62308.078,63169.48,102269,1329.497,21374.221,77928.978,389403,141098.458,248304.542,63.76544146
558,Raichur,455848,330446,12226.502,74019.904,64767.416,125402,1504.824,18434.094,102202.63,455848,166970.046,288877.954,63.37155236
559,Koppal,337649,272968,12829.496,105092.68,50499.08,64681,1228.939,16493.655,46829.044,337649,97328.124,240320.876,71.17476314
560,Gadag,291972,180066,9363.432,77248.314,12964.752,111906,4140.522,36817.074,47560.05,291972,60524.802,231447.198,79.27034031
561,Dharwad,483104,199707,9985.35,113233.869,17574.216,283397,8501.91,85019.1,192993.357,483104,210567.573,272536.427,56.41361425
562,Uttara Kannada,474792,334281,23733.951,144409.392,33428.1,140511,5058.396,43417.899,70817.544,474792,104245.644,370546.356,78.04393419
563,Haveri,413564,315076,16383.952,124139.944,37809.12,98488,3644.056,26296.296,47668.192,413564,85477.312,328086.688,79.3315395
564,Bellary,623480,371604,18951.804,155330.472,34187.568,251876,8563.784,89919.732,106543.548,623480,140731.116,482748.884,77.42812664
565,Chitradurga,447348,349704,13638.456,141280.416,80781.624,97644,1952.88,28316.76,80068.08,447348,160849.704,286498.296,64.04371898
566,Davanagere,530691,354680,22699.52,170601.08,179468.08,176011,5632.352,65652.103,141864.866,530691,321332.946,209358.054,39.45008564
567,Shimoga,554106,352444,17622.2,158247.356,99389.208,201662,5848.198,60296.938,140558.414,554106,239947.622,314158.378,56.69644039
568,Udupi,385389,269817,14570.118,107656.983,32647.857,115572,3467.16,33284.736,73388.22,385389,106036.077,279352.923,72.48596172
569,Chikmagalur,392426,311660,18387.94,140247,59527.06,80766,1615.32,25602.822,59686.074,392426,119213.134,273212.866,69.62149959
570,Tumkur,890242,685443,39755.694,315989.223,204262.014,204799,5734.372,62873.293,165682.391,890242,369944.405,520297.595,58.44451228
571,Bangalore,3267960,300576,21942.048,137663.808,185755.968,2967384,94956.288,955497.648,2602395.768,3267960,2788151.736,479808.264,14.68219513
572,Mandya,562302,458867,19272.414,158309.115,383612.812,103435,2172.135,25858.75,99297.6,562302,482910.412,79391.588,14.11902999
573,Hassan,628981,496103,27285.665,225726.865,268391.723,132878,3853.462,40527.79,118792.932,628981,387184.655,241796.345,38.44255152
574,Dakshina Kannada,650292,332919,19309.302,136163.871,60924.177,317373,7934.325,88547.067,261832.725,650292,322756.902,327535.098,50.3673885
575,Kodagu,212974,181182,4529.55,52180.416,135524.136,31792,349.712,6326.608,30774.656,212974,166298.792,46675.208,21.91591838
576,Mysore,920982,540596,24326.82,238943.432,148663.9,380386,11791.966,117539.274,326751.574,920982,475415.474,445566.526,48.37950427
577,Chamarajanagar,319880,262680,16286.16,127925.16,70135.56,57200,1372.8,16988.4,51422.8,319880,121558.36,198321.64,61.99876204
578,Gulbarga,600007,400704,14826.048,163487.232,353020.224,199303,3188.848,52416.689,194519.728,600007,547539.952,52467.048,8.744405982
579,Yadgir,262995,207787,9558.202,83114.8,163736.156,55208,1766.656,18439.472,53551.76,262995,217287.916,45707.084,17.3794498
580,Kolar,477609,326567,17308.051,156752.16,88173.09,151042,3322.924,43046.97,142281.564,477609,230454.654,247154.346,51.74825977
581,Chikkaballapura,409702,315649,22095.43,149933.275,48609.946,94053,4232.385,35175.822,60476.079,409702,109086.025,300615.975,73.3743001
582,Bangalore Rural,326462,231052,8548.924,100276.568,10397.34,95410,1431.15,27478.08,65069.62,326462,75466.96,250995.04,76.88338612
583,Ramanagara,351784,266950,14682.25,136678.4,11478.85,84834,2460.186,29182.896,34103.268,351784,45582.118,306201.882,87.04258352
584,North Goa,325089,115859,5908.809,47386.331,29544.045,209230,3347.68,66116.68,167802.46,325089,197346.505,127742.495,39.2946224
585,South Goa,251493,88620,4342.38,33941.46,20382.6,162873,2605.968,45441.567,137301.939,251493,157684.539,93808.461,37.30062507
586,Lakshadweep,21242,5289,195.693,1930.485,3993.195,15953,271.201,4642.323,14565.089,21242,18558.284,2683.716,12.6340081
587,Kasaragod,417805,251641,17111.588,109463.835,70459.48,166164,5317.248,56828.088,147055.14,417805,217514.62,200290.38,47.93872261
588,Kannur,872479,306288,5513.184,70446.24,210419.856,566191,6228.101,110973.436,482960.923,872479,693380.779,179098.221,20.52751081
589,Wayanad,277988,266183,5323.66,62286.822,196443.054,11805,177.075,2880.42,10057.86,277988,206500.914,71487.086,25.71588918
590,Kozhikode,990336,323793,5633.9982,132301.8198,317511.4158,666543,3199.4064,95448.9576,651279.1653,990336,968790.5811,21545.4189,2.175566565
591,Malappuram,1157129,634543,48225.268,202419.217,563474.184,522586,14109.822,96678.41,504818.076,1157129,1068292.26,88836.74,7.677341074
592,Palakkad,894341,665899,41285.738,207094.589,641260.737,228442,4797.282,44317.748,225015.37,894341,866276.107,28064.893,3.138052823
593,Thrissur,1051867,336748,30307.32,119208.792,308797.916,715119,39331.545,286047.6,681508.407,1051867,990306.323,61560.677,5.852515289
594,Ernakulam,1174691,369694,24399.804,100187.074,358603.18,804997,28979.892,155364.421,790507.054,1174691,1149110.234,25580.766,2.177659146
595,Idukki,412433,391610,16447.62,108084.36,377903.65,20823,520.575,4435.299,20510.655,412433,398414.305,14018.695,3.399023599
596,Kottayam,678161,481967,26026.218,170616.318,425094.894,196194,6474.402,55130.514,186188.106,678161,611283,66878,9.861670016
597,Alappuzha,723536,331419,16902.369,116659.488,321145.011,392117,16076.797,111753.345,385451.011,723536,706596.022,16939.978,2.341276453
598,Pathanamthitta,472840,414992,20749.6,122837.632,402127.248,57848,1793.288,12900.104,56864.584,472840,458991.832,13848.168,2.928721766
599,Kollam,925130,523715,43468.345,230958.315,464535.205,401415,5619.81,94332.525,398605.095,925130,863140.3,61989.7,6.700647477
600,Thiruvananthapuram,1169117,559293,25727.478,195752.55,536921.28,609824,15855.424,161603.36,598847.168,1169117,1135768.448,33348.552,2.852456341
601,Thiruvallur,1119433,387237,29817.249,115783.863,351998.433,732196,47592.74,195496.332,693389.612,1119433,1045388.045,74044.955,6.61450529
602,Chennai,1314125,0,0,0,0,1314125,36795.5,311447.625,1261560,1314125,1261560,52565,4
603,Kancheepuram,1213504,438799,32909.925,131200.901,408083.07,774705,42608.775,189028.02,746815.62,1213504,1154898.69,58605.31,4.829428663
604,Vellore,1140300,653499,66656.898,223496.658,600565.581,486801,29694.861,126081.459,468789.363,1140300,1069354.944,70945.056,6.22161326
605,Tiruvannamalai,710163,563102,18582.366,182445.048,159357.866,147061,1470.61,26618.041,130590.168,710163,289948.034,420214.966,59.17162201
606,Viluppuram,967314,808042,18584.966,256149.314,236756.306,159272,1274.176,28031.872,136336.832,967314,373093.138,594220.862,61.42998675
607,Salem,1170352,572813,13174.699,159242.014,109980.096,597539,8963.085,125483.19,425447.768,1170352,535427.864,634924.136,54.25069859
608,Namakkal,627484,370357,8518.211,107403.53,46294.625,257127,3342.651,48082.749,167389.677,627484,213684.302,413799.698,65.94585647
609,Erode,843684,411286,8225.72,148062.96,54289.752,432398,6485.97,102910.724,283653.088,843684,337942.84,505741.16,59.94438202
610,The Nilgiris,264105,112126,2578.898,36104.572,16370.396,151979,1975.727,37082.876,83436.471,264105,99806.867,164298.133,62.20939891
611,Dindigul,713542,443818,7988.724,112729.772,138471.216,269724,3236.688,65542.932,147269.304,713542,285740.52,427801.48,59.95463196
612,Karur,364661,212241,4244.82,60700.926,71525.217,152420,1676.62,36275.96,97243.96,364661,168769.177,195891.823,53.71888494
613,Tiruchirappalli,875727,452707,9506.847,156636.622,191495.061,423020,8037.38,153979.28,249158.78,875727,440653.841,435073.159,49.68136862
614,Perambalur,188592,155413,2797.434,48955.095,29373.057,33179,464.506,8593.361,19044.746,188592,48417.803,140174.197,74.32669307
615,Ariyalur,254277,223955,4927.01,64946.95,51509.65,30322,272.898,6094.722,20346.062,254277,71855.712,182421.288,71.74116731
616,Cuddalore,758209,497429,11938.296,148233.842,119382.96,260780,3129.36,55806.92,193498.76,758209,312881.72,445327.28,58.7341063
617,Nagapattinam,517740,399016,8778.352,120502.832,62246.496,118724,1068.516,20064.356,65535.648,517740,127782.144,389957.856,75.31924441
618,Thiruvarur,408179,321331,10925.254,121784.449,45629.002,86848,1736.96,24056.896,44553.024,408179,90182.026,317996.974,77.90625534
619,Thanjavur,753372,479070,11497.68,186358.23,95334.93,274302,4114.53,72415.728,188171.172,753372,283506.102,469865.898,62.36837817
620,Pudukkottai,503941,399712,12790.784,178671.264,124710.144,104229,2501.496,32310.99,72647.613,503941,197357.757,306583.243,60.83713034
621,Sivaganga,452417,309224,12678.184,138532.352,97405.56,143193,2434.281,39950.847,104244.504,452417,201650.064,250766.936,55.42827436
622,Madurai,1010441,417718,18797.31,180036.458,120302.784,592723,11854.46,170111.501,443356.804,1010441,563659.588,446781.412,44.21647696
623,Theni,410623,189328,7951.776,74784.56,33511.056,221295,3540.72,55545.045,153357.435,410623,186868.491,223754.509,54.49147003
624,Virudhunagar,734724,363782,10913.46,115318.894,86943.898,370942,5193.188,81607.24,291189.47,734724,378133.368,356590.632,48.53395724
625,Ramanathapuram,417239,290478,6100.038,93243.438,60128.946,126761,1014.088,21929.653,107493.328,417239,167622.274,249616.726,59.82583747
626,Thoothukkudi,636739,336078,7057.638,118299.456,83347.344,300661,3908.593,89897.639,156343.72,636739,239691.064,397047.936,62.35646568
627,Tirunelveli,1064667,547962,9315.354,147949.74,80002.452,516705,4650.345,99724.065,242334.645,1064667,322337.097,742329.903,69.72413938
628,Kanniyakumari,598041,104253,3127.59,35863.032,23456.925,493788,7900.608,123940.788,348614.328,598041,372071.253,225969.747,37.7849925
629,Dharmapuri,487926,396819,7936.38,132934.365,111902.958,91107,1184.391,21136.824,66599.217,487926,178502.175,309423.825,63.4161379
630,Krishnagiri,580540,437988,7007.808,132710.364,145412.016,142552,1568.072,35780.552,89665.208,580540,235077.224,345462.776,59.50714438
631,Coimbatore,1169752,284795,7689.465,101387.02,236664.645,884957,26548.71,292035.81,782301.988,1169752,1018966.633,150785.367,12.89037052
632,Tiruppur,894908,356886,8922.15,118129.266,38186.802,538022,8608.352,123745.06,317432.98,894908,355619.782,539288.218,60.26186133
633,Yanam,15519,0,0,0,0,15519,93.114,2839.977,12151.377,15519,12151.377,3367.623,21.7
634,Pondicherry,291037,87296,1396.736,23919.104,29069.568,203741,1629.928,49101.581,158714.239,291037,187783.807,103253.193,35.477686
635,Mahe,12110,0,0,0,0,12110,84.77,2857.96,9082.5,12110,9082.5,3027.5,25
636,Karaikal,69333,35618,926.068,11362.142,12751.244,33715,404.58,6405.85,27814.875,69333,40566.119,28766.881,41.49089323
637,Nicobars,15958,15958,335.118,5872.544,7596.008,0,0,0,0,15958,7596.008,8361.992,52.4
638,North  and Middle Andaman,40185,39091,1055.457,17317.313,18763.68,1094,72.204,611.546,613.734,40185,19377.414,20807.586,51.77948488
