District,Households,Households_Rural,Households_Rural_Dilapidated,Households_Rural_Livable,Households_Rural_Toilet_Premise,Households_Urban,Households_Urban_Dilapidated,Households_Urban_Livable,Households_Urban_Toilet_Premise,State/UT
Kupwara,181664.0,158438.0,13150.354000000001,92052.47799999999,77476.182,23226.0,1114.848,11496.87,16304.652000000002,Jammu and Kashmir
Badgam,187839.0,160649.0,6265.311,74380.487,133820.617,27190.0,706.94,9190.22,24579.760000000002,Jammu and Kashmir
Leh(Ladakh),54394.0,36920.0,775.32,19013.8,32526.519999999997,17474.0,192.21400000000003,9540.804,16740.092,Laddakh
Kargil,48144.0,40370.0,1412.95,29591.21,39078.159999999996,7774.0,93.288,5348.512,7579.65,Laddakh
Punch,147408.0,132139.0,3171.3360000000002,78622.705,18103.042999999998,15269.0,122.152,4168.437,11497.557,Jammu and Kashmir
Rajouri,213578.0,196070.0,5293.89,103721.03,19999.14,17508.0,297.636,3256.4880000000003,14969.34,Jammu and Kashmir
Kathua,214847.0,181374.0,6348.090000000001,66564.258,25755.107999999997,33473.0,1037.663,9037.710000000001,22460.382999999998,Jammu and Kashmir
Baramula,259475.0,210543.0,11158.779,97060.323,156433.449,48932.0,2446.6,16636.88,45262.1,Jammu and Kashmir
Bandipore,98076.0,80521.0,5958.554000000001,43239.777,56445.221,17555.0,754.8649999999999,5442.05,16554.364999999998,Jammu and Kashmir
Srinagar,262239.0,4518.0,284.634,1734.912,4007.466,257721.0,5669.862000000001,59791.272,252824.301,Jammu and Kashmir
Ganderbal,77346.0,63788.0,6059.86,30235.512,44332.659999999996,13558.0,610.11,2982.76,12378.454,Jammu and Kashmir
Pulwama,169223.0,147520.0,6785.92,63433.6,92495.04,21703.0,651.09,9202.072,19771.432999999997,Jammu and Kashmir
Shupiyan,80888.0,75616.0,4461.344,25104.512000000002,44613.439999999995,5272.0,173.976,1813.5679999999998,4997.856,Jammu and Kashmir
Anantnag,277733.0,207067.0,10560.417,89660.011,105190.03600000001,70666.0,2190.646,20139.809999999998,53352.83,Jammu and Kashmir
Kulgam,121130.0,95952.0,4509.744,47016.479999999996,40011.984000000004,25178.0,1057.476,10574.76,14729.13,Jammu and Kashmir
Doda,133617.0,122267.0,1956.272,73360.2,29344.079999999998,11350.0,329.15,2689.95,10600.900000000001,Jammu and Kashmir
Ramban,89622.0,84281.0,1769.901,43404.715000000004,15002.018000000002,5341.0,128.184,1030.813,4417.0070000000005,Jammu and Kashmir
Kishtwar,78371.0,72378.0,2460.8520000000003,37636.56,14475.6,5993.0,41.95099999999999,809.0550000000001,5597.462,Jammu and Kashmir
Udhampur,183360.0,148664.0,2973.28,66452.808,11001.136000000002,34696.0,624.528,5898.320000000001,26056.695999999996,Jammu and Kashmir
Reasi,107833.0,95572.0,1433.58,52469.02799999999,8601.48,12261.0,134.871,4843.095,9661.668,Jammu and Kashmir
Jammu,502609.0,254566.0,12473.734,97753.344,62623.236000000004,248043.0,8433.462000000001,56057.718,210588.507,Jammu and Kashmir
Samba,114236.0,94247.0,3110.1510000000003,28745.335,24504.22,19989.0,219.87900000000002,3558.0420000000004,14132.223000000002,Jammu and Kashmir
Chamba,200231.0,186395.0,4287.085,70830.1,90960.76,13836.0,96.85199999999999,2573.4960000000005,12037.32,Himachal Pradesh
Kangra,627328.0,588321.0,8236.493999999999,148845.213,378878.724,39007.0,624.112,7411.33,32102.761,Himachal Pradesh
Lahul AND Spiti,17434.0,17434.0,209.208,4794.35,9449.228000000001,0.0,0.0,0.0,0.0,Himachal Pradesh
Kullu,188704.0,167995.0,2687.92,47038.600000000006,137755.9,20709.0,144.963,3582.657,19052.280000000002,Himachal Pradesh
Mandi,462825.0,431129.0,4311.29,93123.86400000002,384135.93899999995,31696.0,190.17600000000002,5451.7119999999995,29255.408,Himachal Pradesh
Hamirpur,211348.0,196116.0,1961.16,42361.056000000004,174739.35599999997,15232.0,243.71200000000002,5651.072,10464.384,Himachal Pradesh
Una,205217.0,185091.0,2776.365,93470.955,46272.75,20126.0,120.756,3461.6719999999996,18576.298,Himachal Pradesh
Bilaspur,164445.0,152458.0,2286.87,76991.29,38114.5,11987.0,191.792,4447.177,8235.069000000001,Himachal Pradesh
Solan,244296.0,192787.0,2699.0179999999996,48775.111,113358.756,51509.0,2472.4320000000002,12568.196,38425.714,Himachal Pradesh
Sirmaur,192156.0,171102.0,2224.326,46026.437999999995,117718.17599999999,21054.0,168.43200000000002,3558.1259999999997,19685.49,Himachal Pradesh
Shimla,375165.0,279269.0,3630.4970000000003,75123.36099999999,192137.072,95896.0,2972.776,34618.456,63003.672000000006,Himachal Pradesh
Kinnaur,44514.0,44514.0,2314.728,26307.773999999998,7389.3240000000005,0.0,0.0,0.0,0.0,Himachal Pradesh
Gurdaspur,606348.0,420860.0,21884.72,248728.25999999998,69862.76000000001,185488.0,5750.128,66961.16799999999,121865.61600000001,Punjab
Kapurthala,261203.0,165433.0,3143.227,40531.085,114148.76999999999,95770.0,1340.78,17908.99,86001.46,Punjab
Jalandhar,708130.0,330339.0,9249.491999999998,102074.751,187962.89099999997,377791.0,3777.91,74424.82699999999,363057.151,Punjab
Hoshiarpur,551265.0,422673.0,9721.479,103132.212,252758.454,128592.0,1671.6960000000001,23275.152000000002,116632.944,Punjab
Shahid Bhagat Singh Nagar,231551.0,183168.0,16485.12,90484.992,91767.168,48383.0,2515.916,19885.413,41415.848,Punjab
Fatehgarh Sahib,174896.0,117559.0,7171.099,48669.426,90990.666,57337.0,2350.8169999999996,18347.84,53954.117,Punjab
Ludhiana,1036821.0,395032.0,24491.984,184479.94400000002,300224.32,641789.0,30805.872,244521.609,614833.862,Punjab
Moga,288439.0,214295.0,13929.175000000001,87860.95,122148.15,74144.0,3633.056,25431.391999999996,65914.016,Punjab
Firozpur,502390.0,348522.0,18820.188000000002,139757.32200000001,232812.69599999997,153868.0,10001.42,55392.479999999996,130941.66799999999,Punjab
Muktsar,224157.0,149507.0,9568.448,58457.237,123343.275,74650.0,3359.25,26351.449999999997,70096.35,Punjab
Faridkot,158863.0,99946.0,7096.165999999999,45075.646,87452.75,58917.0,2886.933,24097.053,57090.573000000004,Punjab
Bathinda,355722.0,218159.0,16143.766000000001,98607.868,186307.78600000002,137563.0,9216.721000000001,47871.924,130272.16100000001,Punjab
Mansa,196389.0,145603.0,15725.124000000002,74111.927,96971.59799999998,50786.0,3605.8059999999996,20873.046000000002,46062.902,Punjab
Patiala,517369.0,299279.0,32022.853,158019.312,216378.717,218090.0,19846.19,87890.26999999999,195844.82,Punjab
Amritsar,660953.0,275477.0,21211.729,134983.73,220657.077,385476.0,31223.556,155732.30399999997,357721.728,Punjab
Tarn Taran,267174.0,222717.0,16481.058,113808.387,187750.43099999998,44457.0,2400.6780000000003,14404.068000000001,41389.467,Punjab
Rupnagar,208699.0,148162.0,10667.664,68895.33,93193.898,60537.0,3571.6830000000004,20643.117000000002,51456.45,Punjab
Sahibzada Ajit Singh Nagar,291335.0,117293.0,8327.803,56300.64,90667.489,174042.0,7309.764,56041.524000000005,168646.698,Punjab
Sangrur,448944.0,292156.0,22788.168,161270.11200000002,177630.848,156788.0,8466.552000000001,66634.9,146439.992,Punjab
Barnala,156799.0,102577.0,8308.737000000001,57135.389,66469.89600000001,54222.0,3849.7619999999997,23640.792,47552.694,Punjab
Chandigarh,298367.0,8911.0,534.66,3172.3160000000003,5070.3589999999995,289456.0,14472.800000000001,79889.856,265431.152,Chandigarh
Uttarkashi,121209.0,112148.0,8186.803999999999,48447.93600000001,68073.836,9061.0,344.318,2147.457,8372.364,Uttarakhand
Chamoli,186340.0,163434.0,9969.474,74689.338,128459.12399999998,22906.0,1076.582,7879.664,21073.52,Uttarakhand
Rudraprayag,117159.0,112705.0,7325.825,56014.38500000001,90389.41,4454.0,262.786,1826.1399999999999,4017.5080000000003,Uttarakhand
Tehri Garhwal,254236.0,227059.0,6357.651999999999,106490.67099999999,199811.92,27177.0,951.195,7229.082,23807.051999999996,Uttarakhand
Dehradun,497638.0,228245.0,6847.349999999999,61626.15,90156.77500000001,269393.0,2155.1440000000002,42833.487,246494.595,Uttarakhand
Garhwal,316462.0,279682.0,6992.05,73556.36600000001,131450.53999999998,36780.0,331.02000000000004,4266.48,32182.5,Uttarakhand
Pithoragarh,209943.0,183687.0,3490.053,36370.026000000005,93680.37,26256.0,78.768,2546.832,24050.496,Uttarakhand
Bageshwar,99911.0,96031.0,2688.868,26504.556,48111.531,3880.0,27.159999999999997,411.28,3720.92,Uttarakhand
Almora,281138.0,260056.0,10142.184,69434.952,194001.776,21082.0,505.968,4300.728,20070.064000000002,Uttarakhand
Champawat,98041.0,85202.0,1533.6360000000002,21385.702,41152.566,12839.0,141.229,1848.8160000000003,12158.533000000001,Uttarakhand
Nainital,298663.0,193086.0,4440.978,49043.844,92681.28,105577.0,527.885,10452.123,101881.805,Uttarakhand
Udham Singh Nagar,414659.0,269406.0,7812.773999999999,67620.906,144132.21000000002,145253.0,1307.277,13218.023,130727.7,Uttarakhand
Hardwar,488011.0,301828.0,5131.076,72740.54800000001,155743.248,186183.0,2420.3790000000004,26996.535,171102.177,Uttarakhand
Panchkula,164551.0,70895.0,4253.7,28570.684999999998,28641.579999999998,93656.0,5525.704000000001,26317.336000000003,74831.144,Haryana
Ambala,315256.0,175365.0,8943.615,55590.705,121703.31000000001,139891.0,4196.73,27698.418,132616.668,Haryana
Yamunanagar,357723.0,214464.0,14369.088000000002,98438.976,122030.01599999999,143259.0,5730.36,52146.276,131798.28,Haryana
Kurukshetra,291821.0,203553.0,10788.309,98316.099,102183.606,88268.0,1941.8960000000002,22331.804,81736.16799999999,Haryana
Kaithal,306787.0,231091.0,11323.459,81344.032,101680.04,75696.0,3557.712,17182.992,66309.696,Haryana
Karnal,428602.0,292682.0,12585.326,129365.444,149560.502,135920.0,4485.360000000001,38601.28,121376.56,Haryana
Panipat,327306.0,173502.0,11104.128,81719.44200000001,79810.92,153804.0,6152.16,52139.556,141345.87600000002,Haryana
Sonipat,417434.0,283858.0,12205.893999999998,130574.68000000001,196145.878,133576.0,4675.160000000001,39538.49600000001,123424.224,Haryana
Jind,368000.0,278335.0,13360.08,134992.475,160599.295,89665.0,3676.2649999999994,33086.385,74152.955,Haryana
Fatehabad,258380.0,203020.0,9947.98,96434.5,139271.72,55360.0,1439.3600000000001,16220.48,50709.759999999995,Haryana
Sirsa,338792.0,245476.0,10309.992,116846.57600000002,163732.492,93316.0,2706.1639999999998,36393.24,88556.884,Haryana
Hisar,456126.0,302013.0,14194.611,151610.526,169731.306,154113.0,5239.842000000001,54864.228,142092.18600000002,Haryana
Bhiwani,456282.0,357047.0,17852.350000000002,182451.017,183165.111,99235.0,2778.58,33640.66499999999,86929.85999999999,Haryana
Rohtak,306942.0,175203.0,9986.571,81294.192,127722.98700000002,131739.0,6455.211,44527.782,119750.751,Haryana
Jhajjar,290144.0,211816.0,12497.144,88327.27200000001,185339.0,78328.0,3211.4479999999994,25848.24,75116.55200000001,Haryana
Mahendragarh,267942.0,223726.0,12304.93,104032.59000000001,139828.75,44216.0,1459.1280000000002,14237.552,39573.32,Haryana
Rewari,268754.0,199449.0,10570.797,91547.09099999999,98128.90800000001,69305.0,3049.4200000000005,28830.88,60156.74,Haryana
Gurgaon,523691.0,141703.0,6660.041,69859.579,82754.552,381988.0,10313.676000000001,127202.00399999999,351810.948,Haryana
Mewat,223635.0,187398.0,9182.502,84516.498,109627.82999999999,36237.0,1630.665,14820.932999999999,33229.329,Haryana
Faridabad,470681.0,87700.0,2718.7,36921.700000000004,34203.0,382981.0,10723.467999999999,142468.93200000003,295661.332,Haryana
Palwal,249159.0,186069.0,6140.277,77590.773,92662.362,63090.0,1514.16,19557.9,55393.02,Haryana
North West,1026867.0,67592.0,2162.944,26563.656,44340.35199999999,959275.0,37411.725,262841.35,879655.175,Nct Of Delhi
North,301071.0,4512.0,406.08,2635.008,803.1360000000001,296559.0,14234.832,122182.308,185349.375,Nct Of Delhi
North East,487581.0,5326.0,229.01799999999997,2300.8320000000003,3121.0359999999996,482255.0,11574.12,188561.70500000002,430171.46,Nct Of Delhi
East,462218.0,1086.0,68.418,554.946,348.606,461132.0,16600.752,166929.784,381817.296,Nct Of Delhi
New Delhi,52664.0,0.0,0.0,0.0,0.0,52664.0,1737.912,18116.415999999997,45238.376000000004,Nct Of Delhi
Central,194897.0,0.0,0.0,0.0,0.0,194897.0,6821.395,72306.787,175212.403,Nct Of Delhi
West,701512.0,1809.0,50.651999999999994,658.476,1718.55,699703.0,13994.06,249094.26800000004,665417.553,Nct Of Delhi
South West,647682.0,41179.0,494.148,2758.993,40396.599,606503.0,11523.556999999999,146773.726,566473.802,Nct Of Delhi
South,731063.0,2918.0,52.52400000000001,1409.394,2541.578,728145.0,20388.059999999998,209705.76000000004,654602.355,Nct Of Delhi
Ganganagar,562594.0,397697.0,13124.001,141182.435,348780.26900000003,164897.0,4287.322,45676.469,150386.064,Rajasthan
Hanumangarh,497753.0,389059.0,17896.714,160681.367,352487.45399999997,108694.0,3152.1259999999997,32934.282,95650.72,Rajasthan
Bikaner,531933.0,335754.0,8393.85,141352.434,272968.002,196179.0,6473.907,63169.638,183623.544,Rajasthan
Churu,493893.0,344897.0,8277.528,126922.096,283850.23099999997,148996.0,4618.876,47976.712,139907.244,Rajasthan
Jhunjhunun,650809.0,500452.0,24522.148,253228.712,147633.34,150357.0,2556.069,41047.461,139230.582,Rajasthan
Alwar,995261.0,782294.0,45373.051999999996,306659.248,367678.18,212967.0,4685.274,64741.968,186346.125,Rajasthan
Bharatpur,516663.6425,344332.1893,8263.972543200001,84017.0541892,157359.8105101,129697.0,2334.5460000000003,32943.038,107000.025,Rajasthan
Dhaulpur,273296.0,214670.0,7728.120000000001,84794.65000000001,31771.160000000003,58626.0,938.016,16884.288,46490.418,Rajasthan
Karauli,364355.0,305047.0,14337.209,166250.61500000002,23793.666,59308.0,1423.392,24909.36,41219.06,Rajasthan
Sawai Madhopur,353321.0,282057.0,18615.762000000002,164721.288,13538.736,71264.0,2494.2400000000002,28363.071999999996,44753.792,Rajasthan
Dausa,420694.0,361084.0,20220.703999999998,225316.416,29608.887999999995,59610.0,1847.91,24738.149999999998,37196.64,Rajasthan
Jaipur,1732679.0,754841.0,33213.004,416672.232,66426.008,977838.0,25423.788,340287.62399999995,705999.036,Rajasthan
Sikar,705834.0,527560.0,27960.68,248480.76,49063.08000000001,178274.0,2495.836,47777.432,137270.98,Rajasthan
Nagaur,842201.0,675712.0,28379.904000000002,287853.312,148656.64,166489.0,1997.868,45118.519,151005.52300000002,Rajasthan
Jodhpur,891657.0,584215.0,16358.019999999999,183443.51,234854.43000000002,307442.0,4919.072,82701.89799999999,260403.37399999998,Rajasthan
Jaisalmer,189947.0,159117.0,10024.371,73830.288,42166.005000000005,30830.0,739.92,9865.6,24848.98,Rajasthan
Barmer,598805.0,542825.0,28226.9,268698.375,74367.025,55980.0,951.6600000000001,14442.84,50437.979999999996,Rajasthan
Jalor,467418.0,419216.0,13414.912,235180.17600000004,70009.07199999999,48202.0,819.4340000000001,19473.608,32054.33,Rajasthan
Sirohi,308174.0,238535.0,12642.355,141689.78999999998,23137.894999999997,69639.0,1740.9750000000001,20195.309999999998,57661.092,Rajasthan
Pali,652717.0,512909.0,43084.356,267225.58900000004,57958.717000000004,139808.0,5592.32,51029.92,86541.152,Rajasthan
Ajmer,684254.0,409335.0,28244.115,207942.18,66312.27,274919.0,5223.461,73678.292,187494.758,Rajasthan
Tonk,380666.0,298911.0,16141.194000000001,149754.411,55896.356999999996,81755.0,2043.875,27142.66,56492.704999999994,Rajasthan
Bundi,303288.0,239836.0,8154.424000000001,119678.164,33816.876,63452.0,697.9720000000001,17703.107999999997,54695.623999999996,Rajasthan
Bhilwara,675880.0,530015.0,10070.285,286738.115,36571.035,145865.0,3646.625,52948.994999999995,95833.30500000001,Rajasthan
Rajsamand,365676.0,304622.0,10357.148000000001,171502.186,25283.626,61054.0,1221.08,20514.144,39196.668,Rajasthan
Dungarpur,354363.0,322816.0,11621.376000000002,179162.88,33895.68,31547.0,410.11100000000005,9495.646999999999,23565.609,Rajasthan
Banswara,429844.0,390437.0,16398.354,213178.602,44119.381,39407.0,394.07,12176.762999999999,28136.598,Rajasthan
Chittaurgarh,455653.0,366780.0,22740.36,227770.38,33376.979999999996,88873.0,1866.333,22751.488,65854.893,Rajasthan
Kota,515189.0,203454.0,18514.314,139569.444,14038.326000000001,311735.0,7169.905,73257.72499999999,257181.375,Rajasthan
Baran,318988.0,249184.0,8970.624000000002,136802.01599999997,23921.664,69804.0,1256.4720000000002,18707.472,50607.9,Rajasthan
Jhalawar,362387.0,298624.0,8361.472,138262.91199999998,36730.752,63763.0,1211.497,18682.558999999997,48969.984000000004,Rajasthan
Udaipur,848218.0,665449.0,20628.918999999998,337382.643,49908.674999999996,182769.0,3655.38,63786.380999999994,104726.63699999999,Rajasthan
Pratapgarh,234082.0,209813.0,9021.958999999999,125258.36099999999,15106.536000000002,24269.0,509.64900000000006,7280.7,16235.961000000001,Rajasthan
Saharanpur,889238.0,605082.0,22993.115999999998,363654.282,56272.62600000001,284156.0,3409.8720000000003,62514.32,244942.472,Uttar Pradesh
Muzaffarnagar,969850.0,673746.0,16843.65,425807.472,41772.252,296104.0,4145.455999999999,71064.95999999999,207568.90399999998,Uttar Pradesh
Bijnor,908523.0,683875.0,17096.875,432209.0,42400.25,224648.0,6739.44,71213.416,143999.368,Uttar Pradesh
Moradabad,1047916.0,692398.0,43621.074,309501.906,78240.974,355518.0,4977.2519999999995,85324.31999999999,249218.118,Uttar Pradesh
Rampur,539992.0,396775.0,24996.825,177358.42500000002,44835.575000000004,143217.0,4296.51,45399.789,91802.09699999998,Uttar Pradesh
Jyotiba Phule Nagar,451374.0,335888.0,19145.616,156187.92,144095.952,115486.0,3580.066,43076.278,106247.12000000001,Uttar Pradesh
Meerut,803823.0,381520.0,17549.92,191523.04,209454.47999999998,422303.0,13513.696,168921.2,391052.578,Uttar Pradesh
Baghpat,316046.0,246055.0,13533.025,129424.93000000001,124011.72,69991.0,2239.712,29886.157000000003,64671.684,Uttar Pradesh
Ghaziabad,1191723.0,355407.0,21324.42,225683.445,169884.546,836316.0,26762.112,386377.992,782791.776,Uttar Pradesh
Gautam Buddha Nagar,509770.0,170835.0,10591.77,110871.91500000001,96350.93999999999,338935.0,13218.465,164383.475,319615.70499999996,Uttar Pradesh
Bulandshahr,880077.0,658449.0,38848.491,398361.64499999996,265354.947,221628.0,8865.12,112365.39600000001,203897.76,Uttar Pradesh
Aligarh,858059.0,582117.0,23866.797,290476.383,309104.12700000004,275942.0,5794.782,99063.178,256350.11800000002,Uttar Pradesh
Mahamaya Nagar,373033.0,288150.0,9220.800000000001,150702.45,169432.19999999998,84883.0,2631.373,39470.595,73423.795,Uttar Pradesh
Mathura,585290.0,407488.0,14669.568000000001,206596.416,243677.824,177802.0,3200.436,60630.482,168556.296,Uttar Pradesh
Agra,903823.0,496971.0,11927.304,210218.733,256934.007,406852.0,5289.076,114325.41200000001,372269.58,Uttar Pradesh
Firozabad,535368.0,349747.0,15039.121,196907.561,108071.823,185621.0,5197.387999999999,80373.893,157777.85,Uttar Pradesh
Mainpuri,411258.0,338475.0,14554.425,191915.325,72433.65,72783.0,1965.1410000000003,30859.992,61428.852000000006,Uttar Pradesh
Budaun,867624.0,710956.0,29860.152000000002,391736.75600000005,117307.74,156668.0,5013.376,72693.95199999999,113897.636,Uttar Pradesh
Bareilly,994411.0,631613.0,25264.52,336649.72899999993,123796.148,362798.0,8344.354,146933.19,294591.976,Uttar Pradesh
Pilibhit,461390.0,371752.0,15985.336,196656.80800000002,61710.832,89638.0,1703.122,34241.716,73503.15999999999,Uttar Pradesh
Shahjahanpur,655003.0,520289.0,34859.363000000005,299686.46400000004,59312.946,134714.0,5388.56,70185.994,110600.19399999999,Uttar Pradesh
Kheri,862610.0,754938.0,56620.35,403136.89200000005,101916.63,107672.0,4737.568,44791.552,81184.688,Uttar Pradesh
Sitapur,938902.0,827583.0,67034.223,541239.282,173792.43,111319.0,7013.097,57663.242,86272.225,Uttar Pradesh
Hardoi,907677.0,786613.0,60569.201,495566.19,352402.62399999995,121064.0,4842.56,56415.824,111742.07199999999,Uttar Pradesh
Unnao,717356.0,596317.0,54861.164,373890.759,211692.535,121039.0,10167.276,55193.784,107482.632,Uttar Pradesh
Lucknow,1061721.0,344155.0,41298.6,211655.32499999998,92921.85,717566.0,58840.41199999999,356630.302,616389.194,Uttar Pradesh
Rae Bareli,778418.0,705025.0,78257.775,451216.0,129019.575,73393.0,6531.977000000001,33613.994,55925.466,Uttar Pradesh
Farrukhabad,411490.0,316647.0,38314.287,196004.493,37680.993,94843.0,8061.655000000001,40213.432,68286.95999999999,Uttar Pradesh
Kannauj,365770.0,299785.0,24882.155000000002,186766.055,52162.59,65985.0,4355.01,30617.039999999997,48828.9,Uttar Pradesh
Etawah,351126.0,265643.0,19391.939,156729.37,41971.594,85483.0,4359.633,37783.486,61291.31100000001,Uttar Pradesh
Auraiya,314274.0,255836.0,21234.388000000003,146338.192,55004.74,58438.0,2395.9579999999996,18174.218,51250.126,Uttar Pradesh
Kanpur Dehat,405256.0,363933.0,28386.774,201618.88199999998,48767.022000000004,41323.0,2148.7960000000003,14091.143000000002,29380.653,Uttar Pradesh
Kanpur Nagar,1049775.0,364869.0,31378.733999999997,217461.924,87203.69099999999,684906.0,32190.582,313002.042,559568.202,Uttar Pradesh
Jalaun,396421.0,304856.0,26827.328,177731.04799999998,66153.752,91565.0,5402.335,39647.645,69223.13999999998,Uttar Pradesh
Jhansi,504913.0,309592.0,24148.176,169346.82400000002,61299.216,195321.0,8203.482,79105.005,162897.714,Uttar Pradesh
Lalitpur,301832.0,258013.0,23221.17,142423.176,52634.651999999995,43819.0,1752.76,16914.134000000002,32951.888,Uttar Pradesh
Hamirpur,311381.0,256081.0,21510.804,145454.00799999997,58898.630000000005,55300.0,3262.7000000000003,21843.5,36663.899999999994,Uttar Pradesh
Mahoba,246823.0,198298.0,13682.562000000002,116599.22399999999,46798.328,48525.0,2329.2000000000003,18779.175,41343.299999999996,Uttar Pradesh
Banda,445625.0,378056.0,10963.624,216626.088,106989.84800000001,67569.0,2364.9150000000004,27770.859,51082.16399999999,Uttar Pradesh
Chitrakoot,230795.0,207237.0,4144.74,98230.33799999999,42898.059,23558.0,447.602,7750.581999999999,16867.528,Uttar Pradesh
Fatehpur,636540.0,558807.0,15087.789000000002,295050.096,67056.84,77733.0,2021.0580000000002,28139.346000000005,48894.057,Uttar Pradesh
Pratapgarh,752786.0,711085.0,12088.445000000002,360520.09500000003,126573.13000000002,41701.0,667.216,20308.387000000002,22810.447,Uttar Pradesh
Kaushambi,380620.0,349856.0,3848.416,185073.82400000002,69971.2,30764.0,522.988,10828.928000000002,22611.54,Uttar Pradesh
Allahabad,1248570.0,983266.0,17698.788,516214.65,116025.388,265304.0,7163.2080000000005,123896.96800000001,155733.44800000003,Uttar Pradesh
Bara Banki,714908.0,635840.0,36242.880000000005,364972.16,116358.72,79068.0,3399.9239999999995,32338.811999999998,57008.028,Uttar Pradesh
Faizabad,589666.0,510378.0,22456.632,281728.656,70432.164,79288.0,3488.6720000000005,34014.551999999996,40754.032,Uttar Pradesh
Ambedkar Nagar,566590.0,501559.0,23071.714,244760.792,78243.204,65031.0,1885.899,19834.454999999998,54626.04,Uttar Pradesh
Sultanpur,889628.0,839737.0,99928.70300000001,427426.13300000003,110845.284,49891.0,4390.408,19706.945,33826.098,Uttar Pradesh
Bahraich,760262.0,698520.0,64962.36000000001,359039.28,101285.4,61742.0,3025.358,22288.862,47047.404,Uttar Pradesh
Shrawasti,257274.0,248770.0,24628.23,115429.28,34579.030000000006,8504.0,833.392,3571.68,4626.176,Uttar Pradesh
Balrampur,445838.0,410070.0,35266.02,204214.86,53719.170000000006,35768.0,1573.7920000000001,10623.096,26074.872000000003,Uttar Pradesh
Gonda,726372.0,673578.0,57927.708,415597.626,70725.69,52794.0,3009.2580000000003,22173.48,41971.23,Uttar Pradesh
Siddharthnagar,513513.0,480165.0,32651.22,269852.73000000004,49937.16,33348.0,3334.8,12505.5,21009.24,Uttar Pradesh
Basti,545025.0,513960.0,34435.32,291415.32,52423.92,31065.0,1273.6649999999997,12581.325,22335.735000000004,Uttar Pradesh
Sant Kabir Nagar,352151.0,324972.0,36721.836,166060.692,25672.788,27179.0,1195.8760000000002,8833.175000000001,20955.009,Uttar Pradesh
Mahrajganj,607079.0,573046.0,37821.036,256724.60799999998,59596.78400000001,34033.0,1769.7160000000001,12047.681999999999,15961.476999999999,Uttar Pradesh
Gorakhpur,951128.0,761958.0,76195.8,307069.07399999996,99816.498,189170.0,12863.560000000001,67533.69,136391.57,Uttar Pradesh
Kushinagar,785099.0,742324.0,75717.048,322168.616,91305.85200000001,42775.0,2737.6,16211.725,21259.175000000003,Uttar Pradesh
Deoria,665706.0,597778.0,52604.46400000001,307257.892,99828.92599999999,67928.0,3939.8239999999996,26695.703999999998,39669.952,Uttar Pradesh
Azamgarh,971458.0,891024.0,79301.13600000001,416999.23199999996,165730.46400000004,80434.0,2976.0580000000004,25417.144,64668.936,Uttar Pradesh
Mau,451528.0,352207.0,29937.595,196883.713,52126.636000000006,99321.0,9336.174,38437.227,61876.983,Uttar Pradesh
Ballia,629381.0,564927.0,48018.795000000006,262691.055,94342.809,64454.0,4253.964,21656.544,40219.296,Uttar Pradesh
Jaunpur,1006670.0,926088.0,83347.92,447300.50399999996,155582.784,80582.0,3867.936,30137.668,52055.971999999994,Uttar Pradesh
Ghazipur,761640.0,700173.0,70717.473,330481.656,123230.44800000002,61467.0,4179.756,27106.947,39031.545,Uttar Pradesh
Chandauli,395759.0,344937.0,44151.936,164534.94900000002,76576.014,50822.0,4726.446000000001,18346.742,31001.42,Uttar Pradesh
Varanasi,755064.0,438935.0,31603.320000000003,202349.035,67595.99,316129.0,13909.676000000001,140677.405,226980.622,Uttar Pradesh
Sant Ravidas Nagar (Bhadohi),339507.0,293510.0,30525.04,150277.12,54592.86000000001,45997.0,3357.781,17662.848,30128.035,Uttar Pradesh
Mirzapur,543115.0,465152.0,31630.336000000003,227924.47999999998,87448.576,77963.0,3586.298,28690.384,53950.39600000001,Uttar Pradesh
Sonbhadra,428088.0,337048.0,22582.216,160434.848,91340.008,91040.0,3186.4,32592.32,81025.6,Uttar Pradesh
Etah,401998.0,334246.0,20723.252,159435.342,42114.996,67752.0,3861.864,29810.88,37670.112,Uttar Pradesh
Kanshiram Nagar,343724.0,271234.0,13019.232,139956.744,52076.928,72490.0,2537.15,29503.43,49655.65,Uttar Pradesh
Pashchim Champaran,936134.0,839514.0,15111.252000000002,468448.812,115013.41799999999,96620.0,4541.14,33237.28,68310.34000000001,Bihar
Purba Champaran,1243825.0,1142260.0,79958.20000000001,646519.16,105087.92,101565.0,3148.515,44079.21,79525.39499999999,Bihar
Sheohar,166000.0,158484.0,14105.076000000001,97467.66,17750.208,7516.0,330.704,3765.516,5779.804,Bihar
Sitamarhi,856964.0,807294.0,39557.406,511017.102,92838.81,49670.0,3675.5800000000004,25778.73,26772.13,Bihar
Madhubani,1088786.0,1047552.0,58662.912,586629.1200000001,162370.56,41234.0,2350.338,17689.386,22266.36,Bihar
Supaul,600102.0,572287.0,19457.758,341083.05199999997,113312.826,27815.0,2225.2000000000003,12516.75,10263.735,Bihar
Araria,703274.0,659061.0,40861.782,386868.80700000003,123244.407,44213.0,2873.8450000000003,18481.034,26748.864999999998,Bihar
Kishanganj,445150.0,401793.0,18884.271,204110.844,69510.18900000001,43357.0,3078.3469999999998,18513.439000000002,24063.135000000002,Bihar
Purnia,798596.0,712847.0,34929.503000000004,442677.987,64869.077,85749.0,6688.422,44417.982,40130.532,Bihar
Katihar,738070.0,668232.0,24724.584000000003,430341.408,44771.544,69838.0,4469.6320000000005,33871.43,37922.03399999999,Bihar
Madhepura,510278.0,486278.0,17019.730000000003,302464.916,30149.236,24000.0,1896.0,11136.0,12456.0,Bihar
Saharsa,470697.0,432651.0,22065.200999999997,281655.801,37207.986,38046.0,3690.4619999999995,17539.206000000002,22485.185999999998,Bihar
Darbhanga,1002713.0,907174.0,45358.700000000004,562447.88,115211.098,95539.0,6783.268999999999,40412.996999999996,65444.215000000004,Bihar
Muzaffarpur,1119394.0,998694.0,61919.028,639164.16,112852.422,120700.0,10500.9,55401.299999999996,61919.1,Bihar
Gopalganj,554058.0,515925.0,34051.05,331739.775,64490.625,38133.0,2821.8420000000006,16435.323,25777.907999999996,Bihar
Siwan,674372.0,632514.0,51233.634,333967.392,132195.426,41858.0,3767.22,16743.2,28044.86,Bihar
Saran,777622.0,701323.0,58911.132000000005,423599.092,153589.737,76299.0,5188.332,27620.238000000005,58826.528999999995,Bihar
Vaishali,750811.0,699317.0,55945.36,371337.327,126576.37700000002,51494.0,3141.134,20391.624,26158.952,Bihar
Samastipur,1056465.0,1012979.0,83064.27799999999,472048.21400000004,204621.75799999997,43486.0,2652.6459999999997,14959.184,31049.004000000004,Bihar
Begusarai,733625.0,594377.0,51710.799,305509.778,105799.10600000001,139248.0,11000.592,57787.92,82156.31999999999,Bihar
Khagaria,394703.0,373696.0,45964.60800000001,212633.02399999998,93424.0,21007.0,2226.7419999999997,9369.122,13024.34,Bihar
Bhagalpur,653161.0,522527.0,50685.11899999999,309335.98400000005,88829.59000000001,130634.0,8491.210000000001,50424.724,91705.06800000001,Bihar
Banka,444096.0,425604.0,49370.064,243019.88400000002,108529.02,18492.0,1812.2160000000001,8044.0199999999995,10669.884000000002,Bihar
Munger,308063.0,222281.0,19783.009000000002,130701.22799999999,48234.977,85782.0,6176.304000000001,40574.886,56873.46599999999,Bihar
Lakhisarai,207645.0,175882.0,15477.616000000002,103418.616,44146.382,31763.0,2445.7509999999997,13594.564,22774.071000000004,Bihar
Sheikhpura,132638.0,108293.0,7363.924000000001,65517.265,12020.523000000001,24345.0,1241.595,11417.804999999998,10906.56,Bihar
Nalanda,616663.0,514141.0,40617.139,301286.626,134190.801,102522.0,6868.974,40188.624,76071.324,Bihar
Patna,1210094.0,657991.0,50665.307,387556.69899999996,176341.58800000002,552103.0,46376.652,288749.869,340095.448,Bihar
Bhojpur,511927.0,434559.0,40848.546,260735.4,105597.837,77368.0,5725.232000000001,34583.496,40386.096000000005,Bihar
Buxar,334657.0,299252.0,28428.94,178354.19199999998,68229.456,35405.0,2513.7549999999997,14799.289999999999,26058.079999999998,Bihar
Kaimur (Bhabua),340442.0,325143.0,29588.013,189883.512,89739.46800000001,15299.0,795.5480000000001,4742.69,13233.635,Bihar
Rohtas,608061.0,512383.0,44577.320999999996,296157.37399999995,105038.515,95678.0,7845.595999999999,39323.658,65635.108,Bihar
Aurangabad,477297.0,428291.0,44970.555,243269.28799999997,85658.20000000001,49006.0,4312.528,19406.376,32932.032,Bihar
Gaya,807571.0,696289.0,45258.785,419862.267,100961.905,111282.0,5118.972,37279.47,78119.964,Bihar
Nawada,424874.0,379551.0,24291.264,219000.92700000003,80085.26100000001,45323.0,2674.0570000000002,18945.014,31000.932,Bihar
Jamui,356760.0,325909.0,21509.994000000002,188375.40199999997,56056.348,30851.0,1665.9540000000002,12679.761,20978.68,Bihar
Jehanabad,214792.0,186660.0,12319.560000000001,107889.48,32105.519999999997,28132.0,393.84799999999996,6357.832,24587.368000000002,Bihar
Arwal,144294.0,134334.0,10746.72,53330.598000000005,26598.132,9960.0,537.84,4093.5600000000004,6772.8,Bihar
North  District,13609.0,11543.0,923.44,4582.571,2285.514,2066.0,28.923999999999996,466.916,1805.6840000000002,Sikkim
West District,33977.0,32091.0,2535.189,20153.148,5295.015,1886.0,88.642,678.9599999999999,1467.308,Sikkim
South District,39298.0,31135.0,3206.905,19397.105,5386.3550000000005,8163.0,522.432,3240.7110000000002,5656.959,Sikkim
East District,82138.0,40626.0,3250.08,26081.892,4834.494000000001,41512.0,3528.5200000000004,20299.368,20299.368,Sikkim
Tawang,13182.0,10730.0,976.43,6566.76,2392.79,2452.0,169.18800000000002,961.1840000000001,1660.0040000000001,Arunachal Pradesh
West Kameng,516663.6425,17889.0,1395.342,11073.291,4025.025,172779.8242,10539.5692762,89327.1691114,67384.131438,Arunachal Pradesh
East Kameng,19718.0,14503.0,536.6110000000001,6569.8589999999995,10877.25,5215.0,93.87,1058.645,5074.195,Arunachal Pradesh
Papum Pare,50488.0,20308.0,1604.332,10478.928,17079.028,30180.0,1991.88,4647.72,26950.74,Arunachal Pradesh
Upper Subansiri,19214.0,14542.0,857.9780000000001,6587.526,12346.158000000001,4672.0,42.048,714.816,4573.888000000001,Arunachal Pradesh
West Siang,30775.0,22272.0,1670.3999999999999,9265.152,19109.376,8503.0,144.55100000000002,1564.552,8069.347000000001,Arunachal Pradesh
East Siang,29021.0,19497.0,799.377,9144.092999999999,13530.918000000001,9524.0,57.144,2381.0,9285.9,Arunachal Pradesh
Upper Siang,10751.0,8569.0,214.22500000000002,4138.827,3333.341,2182.0,65.46,909.8940000000001,1907.0680000000002,Arunachal Pradesh
Changlang,39920.0,33422.0,868.9720000000001,19451.604000000003,7352.84,6498.0,162.45000000000002,3073.5539999999996,4158.72,Arunachal Pradesh
Tirap,24920.0,18420.0,736.8000000000001,8160.0599999999995,10094.159999999998,6500.0,227.50000000000003,2041.0,5960.5,Arunachal Pradesh
Lower Subansiri,23477.0,18112.0,452.8,11392.448,6230.527999999999,5365.0,64.38,2065.525,4565.615,Arunachal Pradesh
Kurung Kumey,19695.0,18603.0,148.824,7664.436000000001,13226.733,1092.0,22.932000000000002,327.59999999999997,1043.952,Arunachal Pradesh
Dibang Valley,3230.0,2055.0,30.825,575.4000000000001,974.0699999999999,1175.0,50.525,662.6999999999999,1065.7250000000001,Arunachal Pradesh
Lower Dibang Valley,15950.0,12000.0,48.0,3504.0,6755.999999999999,3950.0,43.45,1876.25,3167.9,Arunachal Pradesh
Lohit,44971.0,33599.0,571.183,16732.302,21940.147,11372.0,90.976,4355.476,10382.635999999999,Arunachal Pradesh
Anjaw,6453.0,6025.0,60.25,2608.825,5157.4,428.0,6.42,202.01600000000002,393.332,Arunachal Pradesh
Mon,51022.0,43607.0,654.105,17530.014000000003,29696.367,7415.0,51.904999999999994,1816.675,7303.775,Nagaland
Mokokchung,55278.0,37536.0,4692.0,16778.592,8820.96,17742.0,904.842,8817.774000000001,14300.052,Nagaland
Zunheboto,37311.0,31267.0,2251.224,15539.699000000002,20229.749,6044.0,338.46399999999994,2949.4719999999998,4968.168000000001,Nagaland
Wokha,46669.0,38499.0,1231.968,20288.973,18479.52,8170.0,302.29,2638.9099999999994,7238.619999999999,Nagaland
Dimapur,111969.0,49116.0,2946.96,26571.756,24312.42,62853.0,2262.708,29352.351000000002,56064.876000000004,Nagaland
Phek,46198.0,38903.0,2334.18,20540.784,10776.131,7295.0,0.0,4982.485,4683.39,Nagaland
Tuensang,50141.0,40690.0,569.66,26041.600000000002,25512.63,9451.0,529.256,4602.637000000001,8902.842,Nagaland
Longleng,15137.0,12686.0,63.43,4325.926,12216.618,2451.0,17.156999999999996,808.83,2414.235,Nagaland
Kiphire,20322.0,16032.0,272.54400000000004,7086.144,11494.944000000001,4290.0,8.58,1548.69,4049.76,Nagaland
Kohima,76100.0,31845.0,318.45,16432.02,18947.774999999998,44255.0,88.51,9603.335,42794.58500000001,Nagaland
Peren,24277.0,20204.0,646.528,9031.188,18506.863999999998,4073.0,85.533,1409.258,3942.6639999999998,Nagaland
Senapati,39834.0,38008.0,912.192,20676.352000000003,28658.032,1826.0,7.304,710.3140000000001,1709.136,Manipur
Tamenglong,28101.0,23982.0,815.388,13190.1,11943.036,4119.0,127.689,2220.141,3657.672,Manipur
Churachandpur,57825.0,52972.0,1165.384,35014.492,36550.68,4853.0,271.768,3091.361,3673.721,Manipur
Bishnupur,56149.0,34977.0,349.77,20006.844,12801.582,21172.0,84.688,5885.816000000001,20176.915999999997,Manipur
Thoubal,104263.0,65961.0,395.766,22162.896,34431.642,38302.0,727.7379999999999,12218.338,35237.840000000004,Manipur
Imphal West,136801.0,51055.0,459.49500000000006,27059.15,39363.405,85746.0,1800.6660000000002,52390.806,79658.034,Manipur
Imphal East,110941.0,64421.0,1417.2620000000002,38459.337,46705.225,46520.0,837.3600000000001,29493.68,45403.52,Manipur
Ukhrul,41890.0,36084.0,3031.056,20423.544,23959.776,5806.0,603.8240000000001,3175.882,5614.402,Manipur
Chandel,34160.0,30377.0,698.6709999999999,16282.072,25000.270999999997,3783.0,87.009,1986.075,3737.604,Manipur
Mamit,20855.0,16726.0,986.8340000000001,5803.9220000000005,15237.385999999999,4129.0,169.289,1242.829,3897.7760000000003,Mizoram
Kolasib,22176.0,9669.0,531.795,3239.1150000000002,8866.473,12507.0,650.364,3351.876,11769.087,Mizoram
Aizawl,100911.0,20570.0,1090.21,6808.67,18924.4,80341.0,3535.0040000000004,24504.005,77689.747,Mizoram
Champhai,31112.0,18395.0,846.17,6695.78,16721.055,12717.0,406.944,4005.855,12144.734999999999,Mizoram
Serchhip,15490.0,7472.0,388.54400000000004,5260.2880000000005,6007.488,8018.0,336.75600000000003,4522.151999999999,7705.298,Mizoram
Lunglei,38794.0,21479.0,880.6389999999999,12543.735999999999,16560.308999999997,17315.0,2701.14,7047.205000000001,16778.235,Mizoram
Lawngtlai,27266.0,21993.0,1297.587,10930.521,18276.183,5273.0,52.730000000000004,1128.422,5204.451,Mizoram
Saiha,12827.0,7043.0,154.94600000000003,3317.253,6740.151000000001,5784.0,138.816,2226.84,5587.344,Mizoram
West Tripura,506637.0,289621.0,4923.557000000001,100208.86600000001,282090.85400000005,217016.0,1519.1119999999999,36024.656,215496.888,Tripura
South Tripura,264077.0,219171.0,10520.208,105640.422,207993.279,44906.0,673.59,19938.264,43738.444,Tripura
Dhalai,103528.0,89457.0,5546.334,46517.64,86236.54800000001,14071.0,1350.816,6557.086,13986.574000000002,Tripura
North Tripura,192621.0,150437.0,5867.043,74917.626,121101.785,42184.0,337.472,11305.312,41002.848,Tripura
West Garo Hills,157945.0,139351.0,7246.252,69257.447,84307.355,18594.0,297.504,6433.524,18277.902,Meghalaya
East Garo Hills,74216.0,62698.0,3260.2960000000003,20314.152000000002,54547.26,11518.0,264.914,3305.6659999999997,11241.568,Meghalaya
South Garo Hills,39643.0,35930.0,1437.2,14875.019999999999,30612.36,3713.0,133.668,1195.586,3642.453,Meghalaya
West Khasi Hills,87131.0,74832.0,3367.44,32102.928,61811.231999999996,12299.0,442.76400000000007,3369.9259999999995,12053.02,Meghalaya
Ribhoi,63724.0,57988.0,4175.136,27544.3,38504.032,5736.0,516.24,2294.4,5529.504000000001,Meghalaya
East Khasi Hills,215091.0,106248.0,8818.584,51424.032,86592.12,108843.0,7727.852999999999,37441.992,105577.70999999999,Meghalaya
Jaintia Hills,83717.0,76546.0,4210.03,37507.54,43095.397999999994,7171.0,451.773,2445.311,6733.569,Meghalaya
Kokrajhar,222011.0,204896.0,7376.256000000001,100194.144,162482.528,17115.0,205.38,7239.6449999999995,16550.205,Assam
Dhubri,521019.0,460602.0,18424.08,235828.22400000002,292021.668,60417.0,1631.2590000000002,25314.722999999998,52804.458000000006,Assam
Goalpara,268114.0,228610.0,21032.12,128250.21,93272.87999999999,39504.0,1817.184,18487.872,35751.12,Assam
Barpeta,499381.0,447189.0,26384.151,241034.871,286648.149,52192.0,1617.952,17797.472,47703.488000000005,Assam
Morigaon,257481.0,232206.0,21595.158000000003,122836.974,102867.25799999999,25275.0,530.775,5939.625,24491.475000000002,Assam
Nagaon,799185.0,674999.0,56699.916000000005,313199.53599999996,294299.564,124186.0,2607.906,17386.04,119342.746,Assam
Sonitpur,547853.0,483325.0,62832.25,265828.75,120347.925,64528.0,3032.816,16002.944,58139.727999999996,Assam
Lakhimpur,327933.0,293239.0,51610.064000000006,188259.438,114363.21,34694.0,4232.668,13808.212,27789.893999999997,Assam
Dhemaji,228262.0,211758.0,26681.508,127901.832,131501.718,16504.0,1320.32,7657.856,14028.4,Assam
Tinsukia,381614.0,290704.0,54652.352,183724.928,202911.392,90910.0,6727.340000000001,30727.579999999998,84364.48,Assam
Dibrugarh,377015.0,299852.0,44378.096000000005,187407.5,171515.344,77163.0,7098.996,33025.764,69678.189,Assam
Sivasagar,405229.0,360182.0,49705.116,213587.92599999998,259331.03999999998,45047.0,2657.773,19685.539,42884.744000000006,Assam
Jorhat,367154.0,286330.0,29205.66,166357.72999999998,157481.5,80824.0,3637.08,26025.328,76782.8,Assam
Golaghat,327083.0,292893.0,28410.620999999996,189794.66400000002,157283.541,34190.0,1880.45,12889.63,32377.930000000004,Assam
Karbi Anglong,252876.0,215691.0,21569.100000000002,142787.442,86923.473,37185.0,2677.32,17960.355,35548.86,Assam
Dima Hasao,58919.0,37610.0,1880.5,21061.600000000002,29072.530000000002,21309.0,1065.45,7905.639,20137.004999999997,Assam
Cachar,435160.0,346227.0,19734.939000000002,187655.034,256900.434,88933.0,3646.2529999999997,26413.101,85731.41200000001,Assam
Karimganj,294640.0,261945.0,15978.645,157952.835,188338.45500000002,32695.0,1275.105,11900.98,30471.74,Assam
Hailakandi,175417.0,159215.0,12896.415,96961.935,93777.635,16202.0,648.08,5719.306,15262.284000000001,Assam
Bongaigaon,220393.0,181923.0,14371.917,116430.72,118431.87299999998,38470.0,1615.74,14887.890000000001,37585.19,Assam
Chirang,140631.0,129018.0,5547.773999999999,83990.718,62573.729999999996,11613.0,418.06800000000004,6038.76,10974.285,Assam
Kamrup,434445.0,390596.0,17576.82,243731.904,223030.31600000002,43849.0,1447.017,19819.748,42358.134,Assam
Kamrup Metropolitan,428192.0,61334.0,7482.748,34899.045999999995,47595.183999999994,366858.0,22378.338,136471.176,351449.964,Assam
Nalbari,238944.0,210706.0,31395.194,121366.65600000002,176360.92200000002,28238.0,2456.7059999999997,10193.918,27503.812,Assam
Baksa,295221.0,291641.0,48995.688,173526.395,238853.97900000002,3580.0,272.08,1091.8999999999999,3511.98,Assam
Darrang,288706.0,268517.0,33564.625,172656.431,132110.364,20189.0,868.127,5854.8099999999995,18493.124,Assam
Udalguri,281625.0,267790.0,29189.11,153979.25,64269.6,13835.0,2047.5800000000004,5464.825,11745.915,Assam
Darjiling,518959.0,303284.0,37303.932,179240.84399999998,172871.87999999998,215675.0,18332.375,97269.425,169736.225,West Bengal
Jalpaiguri,1117804.0,798378.0,80636.178,418350.07200000004,516550.566,319426.0,12457.614,87203.29800000001,309843.22,West Bengal
Koch Bihar,900738.0,803407.0,76323.66500000001,490078.26999999996,511770.259,97331.0,8273.135,42144.323,87695.23099999999,West Bengal
Uttar Dinajpur,778250.0,683981.0,76605.87199999999,439799.783,264700.647,94269.0,7070.175,50151.108,88707.129,West Bengal
Dakshin Dinajpur,461026.0,390949.0,69588.922,225186.62400000004,186091.72400000002,70077.0,6026.621999999999,24106.487999999998,64330.685999999994,West Bengal
Maldah,958996.0,830318.0,88844.026,497360.48199999996,344581.97,128678.0,9264.816,45423.333999999995,115552.844,West Bengal
Murshidabad,1851965.0,1501066.0,120085.28,813577.7720000001,785057.518,350899.0,18597.647,111234.98300000001,305282.13,West Bengal
Birbhum,965609.0,831044.0,132967.04,480343.432,308317.324,134565.0,14129.324999999999,50058.18000000001,110746.995,West Bengal
Barddhaman,2227236.0,1364868.0,171973.368,787528.8360000001,760231.476,862368.0,68127.072,292342.752,778718.304,West Bengal
Nadia,1549771.0,1081381.0,134091.244,626119.5989999999,222764.486,468390.0,68384.94,187356.0,377522.33999999997,West Bengal
North Twenty Four Parganas,2859140.0,1209337.0,143911.103,696578.1120000001,332567.67500000005,1649803.0,153431.67900000003,565882.429,1511219.548,West Bengal
Hugli,1640038.0,992085.0,112105.605,585330.15,251989.59,647953.0,53780.099,314257.205,481429.07899999997,West Bengal
Bankura,991400.0,900515.0,153087.55000000002,505188.91500000004,312478.705,90885.0,10542.66,44079.225,56166.93,West Bengal
Puruliya,752652.0,653219.0,101902.164,339673.88,122151.953,99433.0,9247.269000000002,37088.509,61250.728,West Bengal
Haora,1352697.0,483384.0,45438.096,250392.912,222840.024,869313.0,54766.719,332077.566,621558.7949999999,West Bengal
Kolkata,1308106.0,0.0,0.0,0.0,0.0,1308106.0,138659.236,538939.672,1220462.8979999998,West Bengal
South Twenty Four Parganas,2180232.0,1568802.0,309053.99399999995,726355.326,1237784.7780000002,611430.0,33017.22,204217.61999999997,574744.2,West Bengal
Paschim Medinipur,1565383.0,1364335.0,159627.19499999998,620772.425,819965.335,201048.0,10655.544,67753.176,178530.624,West Bengal
Purba Medinipur,1363713.0,1193006.0,139581.702,625135.144,196845.99000000002,170707.0,15192.923000000003,66234.31599999999,103107.02799999999,West Bengal
Garhwa,292052.0,272872.0,20192.528000000002,171090.744,16645.192,19180.0,1285.0600000000002,8343.3,9762.62,Jharkhand
Chatra,215502.0,200974.0,27935.386000000002,81193.496,120986.348,14528.0,944.32,5113.856000000001,12130.88,Jharkhand
Kodarma,151485.0,116714.0,18907.668,58240.286,64192.700000000004,34771.0,2816.451,13386.835000000001,28894.700999999997,Jharkhand
Giridih,499450.0,452564.0,59738.448000000004,236238.408,189624.316,46886.0,3891.538,15378.607999999998,36195.992,Jharkhand
Deoghar,321710.0,257373.0,46584.513000000006,126112.77,220311.288,64337.0,6498.036999999999,22389.275999999998,53271.036,Jharkhand
Godda,292030.0,276454.0,12716.884,172507.296,13546.246000000001,15576.0,1059.1680000000001,6931.32,7211.687999999999,Jharkhand
Sahibganj,260993.0,223450.0,10055.25,128483.74999999999,14747.7,37543.0,1539.2629999999997,17419.951999999997,24665.751,Jharkhand
Pakur,217175.0,200588.0,8424.696,104907.524,15244.688,16587.0,895.6980000000001,7414.389,8343.261,Jharkhand
Dhanbad,664219.0,258764.0,8021.684,138697.50400000002,15008.311999999998,405455.0,13785.470000000001,150018.35,248543.915,Jharkhand
Bokaro,508764.0,250312.0,12765.911999999998,151689.072,13767.16,258452.0,10854.984,96661.048,176522.716,Jharkhand
Lohardaga,111484.0,96759.0,8901.828,60667.893000000004,7643.961,14725.0,618.45,5418.8,9556.525,Jharkhand
Purbi Singhbhum,604663.0,262537.0,19165.200999999997,170911.58699999997,24153.404,342126.0,26685.828,159088.59,185774.41799999998,Jharkhand
Palamu,407904.0,355529.0,25242.558999999997,212961.87099999998,25953.617,52375.0,2985.375,24459.125,24354.375,Jharkhand
Latehar,160514.0,146377.0,6879.719,76408.79400000001,17857.994,14137.0,551.343,6290.965,8383.241,Jharkhand
Hazaribagh,381748.0,312983.0,12832.302999999998,157430.449,20656.878,68765.0,2200.48,25236.755000000005,43115.655,Jharkhand
Ramgarh,252625.0,134067.0,3753.8759999999997,83791.875,9786.891,118558.0,5216.552000000001,42917.99600000001,83583.39,Jharkhand
Dumka,326978.0,303697.0,17614.426,154885.47,41302.792,23281.0,535.463,6006.4980000000005,18787.767,Jharkhand
Jamtara,185668.0,165555.0,10429.965,103968.54,12251.070000000002,20113.0,1086.102,8065.313,11725.878999999999,Jharkhand
Ranchi,730982.0,420740.0,9256.28,244029.19999999998,30293.280000000002,310242.0,15512.1,125958.25200000001,173115.036,Jharkhand
Khunti,135719.0,344332.1893,11362.9622469,167001.1118105,32022.893604900008,172779.8242,5183.3947259999995,57190.121810200006,126993.170787,Jharkhand
Gumla,233074.0,216629.0,8231.902,108531.129,23829.19,16445.0,592.0200000000001,6545.11,9867.0,Jharkhand
Simdega,155283.0,144169.0,8650.14,92123.991,8938.478,11114.0,555.7,3723.19,7135.188,Jharkhand
Pashchimi Singhbhum,400324.0,336928.0,16509.472,210916.928,14824.832000000002,63396.0,2092.068,21237.66,38100.996,Jharkhand
Saraikela-Kharsawan,285687.0,217248.0,6517.44,119486.40000000001,28676.736,68439.0,2805.999,21763.602,54135.248999999996,Jharkhand
Bargarh,458961.0,411566.0,13993.244,237473.58200000002,16462.64,47395.0,1421.85,18104.89,25545.905000000002,Orissa
Jharsuguda,177186.0,103224.0,2993.4959999999996,65340.792,6606.336,73962.0,3698.1000000000004,28401.408,50663.97,Orissa
Sambalpur,315495.0,220697.0,6400.213,131535.41199999998,10814.153,94798.0,3791.92,37919.200000000004,50622.132000000005,Orissa
Debagarh,98758.0,91408.0,3656.32,46526.672,3382.0960000000005,7350.0,330.75,2756.25,4329.15,Orissa
Sundargarh,618062.0,387911.0,13964.796000000002,207532.385,24826.304,230151.0,7825.134000000001,84235.266,148447.39500000002,Orissa
Kendujhar,574298.0,490634.0,41703.89,328234.146,60347.982,83664.0,3932.208,39071.088,45345.888000000006,Orissa
Mayurbhanj,753589.0,689110.0,40657.490000000005,492713.64999999997,64776.340000000004,64479.0,3610.8239999999996,29337.945,34560.744,Orissa
Baleshwar,683594.0,601154.0,46890.012,419004.33800000005,51699.244,82440.0,4286.88,33965.280000000006,49051.799999999996,Orissa
Bhadrak,428106.0,373862.0,50097.508,280396.5,22057.858,54244.0,2983.42,33794.012,27827.172000000002,Orissa
Kendrapara,438243.0,414749.0,24055.442,314794.491,34838.916000000005,23494.0,1033.736,11018.686,15388.570000000002,Orissa
Jagatsinghapur,352732.0,309685.0,26632.909999999996,216779.5,28800.705000000005,43047.0,3314.619,21006.935999999998,21867.876,Orissa
Cuttack,790297.0,579529.0,49839.494,420158.52499999997,86929.34999999999,210768.0,17072.208,92316.38399999999,134891.52,Orissa
Jajapur,541139.0,495611.0,57490.876,307774.431,112503.69699999999,45528.0,3278.0160000000005,19212.816000000003,30959.04,Orissa
Dhenkanal,352369.0,315390.0,28069.710000000003,202795.77000000002,50462.4,36979.0,2736.4460000000004,19487.933,19155.122,Orissa
Anugul,414587.0,340410.0,25530.75,194033.69999999998,53784.78,74177.0,6527.576000000001,33082.942,42874.306,Orissa
Nayagarh,288334.0,261646.0,18576.865999999998,149923.158,57823.766,26688.0,987.4560000000001,15265.536000000002,11956.223999999998,Orissa
Khordha,688729.0,331834.0,33515.234,182508.7,74330.81599999999,356895.0,22841.28,130623.56999999999,278378.10000000003,Orissa
Puri,474224.0,402014.0,58694.043999999994,232364.09199999998,80000.786,72210.0,5054.700000000001,30978.09,44192.52,Orissa
Ganjam,1015394.0,795476.0,91479.74,521036.78,112957.59199999999,219918.0,16713.768,91925.724,131510.964,Orissa
Gajapati,175145.0,152095.0,18251.399999999998,97949.18000000001,25399.864999999998,23050.0,1521.3000000000002,8943.4,14752.0,Orissa
Kandhamal,242935.0,218446.0,26650.412,140460.778,34732.914,24489.0,1861.164,11877.164999999999,13664.862,Orissa
Baudh,137954.0,131377.0,11167.045,81979.248,24041.990999999998,6577.0,335.42699999999996,2407.182,5037.981999999999,Orissa
Subarnapur,193502.0,176927.0,19815.823999999997,113410.20699999998,27600.612,16575.0,961.3499999999999,7690.799999999999,12149.475,Orissa
Balangir,538962.0,476770.0,45293.15,293690.32,91063.07,62192.0,3233.9840000000004,24814.607999999997,40611.376000000004,Orissa
Nuapada,209127.0,197258.0,11638.222000000002,132162.86000000002,25051.766,11869.0,593.45,4830.683,6729.723000000001,Orissa
Kalahandi,494748.0,456336.0,30118.176000000003,313959.16799999995,28749.168,38412.0,2458.368,17861.58,21702.78,Orissa
Rayagada,286548.0,237343.0,11155.121,178244.59299999996,21360.87,49205.0,2657.07,27604.005,25242.165,Orissa
Nabarangapur,372264.0,342840.0,24684.480000000003,253701.6,27084.36,29424.0,1706.5919999999999,18066.336,11475.36,Orissa
Koraput,460128.0,381789.0,26725.230000000003,261907.254,38560.689,78339.0,5327.052000000001,36740.990999999995,45514.958999999995,Orissa
Malkangiri,183723.0,167884.0,8058.432,122387.43600000002,21321.268,15839.0,1029.535,8347.153,7666.076,Orissa
Koriya,181615.0,121852.0,11454.088,85661.95599999999,9991.864,59763.0,4123.647,28566.714,35140.644,Chhattisgarh
Surguja,516663.6425,344332.1893,19626.934790100004,239999.53594210005,22725.9244938,65167.0,2802.1809999999996,23329.786,39426.034999999996,Chhattisgarh
Jashpur,516663.6425,344332.1893,15150.616329200002,238622.2071849,19971.2669794,20722.0,1015.378,10651.108,11065.548,Chhattisgarh
Raigarh,420916.0,354278.0,18776.734,232760.646,29050.795999999995,66638.0,3731.7279999999996,25922.182,43248.062,Chhattisgarh
Korba,332653.0,206598.0,15288.252000000002,139040.454,12395.88,126055.0,10588.62,57607.135,60128.23500000001,Chhattisgarh
Janjgir - Champa,440773.0,379583.0,8350.826000000001,191689.415,32264.555000000004,61190.0,795.47,22946.25,36285.67,Chhattisgarh
Bilaspur,737806.0,549632.0,11542.272,269319.68,118170.88,188174.0,3010.784,55323.155999999995,115350.662,Chhattisgarh
Kabeerdham,211179.0,187311.0,3371.5980000000004,78483.309,22102.698,23868.0,286.416,9022.104,10072.296,Chhattisgarh
Rajnandgaon,390132.0,313604.0,15052.992,180008.696,40768.520000000004,76528.0,2295.8399999999997,28927.583999999995,43850.543999999994,Chhattisgarh
Durg,883189.0,533448.0,25605.504,306199.152,69348.24,349741.0,3847.1510000000003,61904.157,283290.21,Chhattisgarh
Raipur,1068500.0,673499.0,24245.964000000004,190600.21700000003,342810.991,395001.0,11850.029999999999,149310.37799999997,226335.57299999997,Chhattisgarh
Mahasamund,310567.0,274793.0,9892.548,77766.41900000001,139869.637,35774.0,393.51400000000007,6331.998,28976.940000000002,Chhattisgarh
Dhamtari,210481.0,168689.0,5398.048,91766.816,20073.991,41792.0,668.672,12412.224,24490.111999999997,Chhattisgarh
Uttar Bastar Kanker,194069.0,169191.0,9474.696,99822.68999999999,18611.01,24878.0,945.364,10896.563999999998,11045.832,Chhattisgarh
Bastar,371319.0,316425.0,19618.35,192702.82499999998,28478.25,54894.0,2799.5939999999996,20146.098,27172.53,Chhattisgarh
Narayanpur,33095.0,26916.0,915.1440000000001,12838.932,4979.46,6179.0,154.47500000000002,2026.7119999999998,3287.228,Chhattisgarh
Dakshin Bastar Dantewada,137849.0,106545.0,5327.25,55829.58,14916.300000000001,31304.0,688.6880000000001,9265.984,19596.304,Chhattisgarh
Bijapur,58391.0,50449.0,2976.491,28755.929999999997,6507.921,7942.0,230.31799999999998,2390.542,5162.3,Chhattisgarh
Sheopur,176522.0,150146.0,6906.715999999999,90087.59999999999,22822.192,26376.0,1081.416,10866.912,13214.376,Madhya Pradesh
Morena,414586.0,319298.0,13410.516000000001,175933.198,77270.116,95288.0,3335.0800000000004,37352.896,51074.368,Madhya Pradesh
Bhind,359596.0,271211.0,8136.33,126113.115,40139.228,88385.0,2828.32,33409.53,53826.465,Madhya Pradesh
Gwalior,444892.0,172720.0,5872.4800000000005,90159.84,24008.08,272172.0,7892.987999999999,96348.88799999999,166024.91999999998,Madhya Pradesh
Datia,203854.0,160453.0,7059.932000000001,92420.92800000001,6578.572999999999,43401.0,954.8220000000001,24000.752999999997,19183.242,Madhya Pradesh
Shivpuri,434618.0,367859.0,11771.488,184297.359,26485.848,66759.0,1936.011,23565.927,33245.981999999996,Madhya Pradesh
Tikamgarh,382992.0,322772.0,13556.424,182366.18,8714.844000000001,60220.0,1866.82,36854.64,16921.820000000003,Madhya Pradesh
Chhatarpur,470917.0,375869.0,15786.498000000001,212365.985,10148.463000000002,95048.0,2756.392,26328.296,56553.56,Madhya Pradesh
Panna,288923.0,256744.0,17458.592,107062.248,12837.2,32179.0,997.549,19693.548,9042.299,Madhya Pradesh
Sagar,613915.0,448408.0,30491.744000000002,186986.13600000003,22420.4,165507.0,4799.7029999999995,45845.43899999999,98476.665,Madhya Pradesh
Damoh,369901.0,303387.0,16079.511,183245.748,17596.446,66514.0,2128.448,27004.684,38046.008,Madhya Pradesh
Satna,576004.0,461831.0,24015.212000000003,247079.58500000002,30942.677000000003,114173.0,2397.6330000000003,40759.761000000006,84259.674,Madhya Pradesh
Rewa,618399.0,523910.0,24099.86,270337.56,48723.630000000005,94489.0,2362.225,38457.023,63591.096999999994,Madhya Pradesh
Umaria,168066.0,138100.0,6214.5,66426.1,23891.300000000003,29966.0,599.32,8060.853999999998,26070.42,Madhya Pradesh
Neemuch,242197.0,174235.0,4704.345,81367.74500000001,19688.555,67962.0,2038.86,23650.775999999998,42884.022,Madhya Pradesh
Mandsaur,384119.0,302287.0,12696.054,164141.841,16928.071999999996,81832.0,2291.296,25777.08,53763.624,Madhya Pradesh
Ratlam,373867.0,266716.0,7734.763999999999,119222.052,10401.924,107151.0,2893.077,35252.679,48432.252,Madhya Pradesh
Ujjain,489449.0,300765.0,7819.89,135945.78,15639.78,188684.0,3018.944,54907.04400000001,109248.036,Madhya Pradesh
Shajapur,386608.0,312611.0,9378.33,148490.225,15630.550000000001,73997.0,1701.931,26638.92,39810.38599999999,Madhya Pradesh
Dewas,376009.0,274995.0,12924.765,141897.42,30799.439999999995,101014.0,2525.3500000000004,32425.494000000002,65356.058000000005,Madhya Pradesh
Dhar,515712.0,412348.0,20617.4,223080.268,24328.532000000003,103364.0,2997.5559999999996,35247.124,58090.56800000001,Madhya Pradesh
Indore,788318.0,200371.0,4408.162,78545.432,45684.588,587947.0,13522.780999999999,137579.598,355707.935,Madhya Pradesh
Khargone (West Nimar),460163.0,383543.0,8054.403,133089.421,68270.65400000001,76620.0,1838.88,16703.16,45588.9,Madhya Pradesh
Barwani,299270.0,250358.0,10515.036,118168.97600000001,14520.764,48912.0,1027.152,13842.096000000001,26999.424000000003,Madhya Pradesh
Rajgarh,401717.0,331894.0,9293.032,153666.922,43810.008,69823.0,977.5219999999999,19271.148,44407.428,Madhya Pradesh
Vidisha,376409.0,292579.0,6729.317,145411.763,38913.007000000005,83830.0,1425.1100000000001,24729.85,57172.060000000005,Madhya Pradesh
Bhopal,700719.0,118893.0,4161.255,68601.26100000001,15931.662,581826.0,8145.563999999999,160002.15000000002,481751.92799999996,Madhya Pradesh
Sehore,329647.0,270427.0,10276.226,148464.42299999998,48406.433,59220.0,1125.18,17825.22,49507.92,Madhya Pradesh
Raisen,325713.0,251272.0,11055.968,142471.22400000002,33670.448000000004,74441.0,1786.584,23895.561,49652.147000000004,Madhya Pradesh
Betul,406649.0,318945.0,19774.59,156283.05,69211.065,87704.0,2280.304,26749.72,67795.192,Madhya Pradesh
Harda,144559.0,112714.0,5297.558,63683.409999999996,21641.088,31845.0,955.3499999999999,9776.414999999999,24329.58,Madhya Pradesh
Hoshangabad,315396.0,209650.0,9643.9,86795.09999999999,87004.75,105746.0,2855.1420000000003,24638.818000000003,95488.638,Madhya Pradesh
Katni,349031.0,276151.0,17397.513,157129.919,35899.630000000005,72880.0,2332.16,21499.6,53785.44,Madhya Pradesh
Jabalpur,624761.0,272284.0,14158.768000000002,163914.968,28045.252000000004,352477.0,14451.556999999999,131826.398,232987.29699999996,Madhya Pradesh
Narsimhapur,283718.0,230659.0,14992.835000000001,139318.036,17991.402,53059.0,1697.8880000000001,18942.063000000002,32365.989999999998,Madhya Pradesh
Dindori,227795.0,218021.0,6540.63,98545.492,25072.415,9774.0,205.25400000000002,2990.844,6988.41,Madhya Pradesh
Mandla,316932.0,279674.0,12025.981999999998,130328.084,60129.909999999996,37258.0,968.7080000000001,11214.658,31259.462000000003,Madhya Pradesh
Chhindwara,553944.0,413142.0,27267.372000000003,180129.912,89651.814,140802.0,3520.05,44071.026,111374.38199999998,Madhya Pradesh
Seoni,382587.0,335045.0,24123.24,155460.87999999998,61983.325,47542.0,1901.68,17305.288,34230.24,Madhya Pradesh
Balaghat,470867.0,400074.0,19203.552,182433.744,51609.546,70793.0,2123.79,21450.279,50687.788,Madhya Pradesh
Guna,285085.0,212765.0,16382.905,89786.83,81488.995,72320.0,3182.0800000000004,19164.8,57349.759999999995,Madhya Pradesh
Ashoknagar,206741.0,169606.0,17299.811999999998,74457.034,57326.827999999994,37135.0,1262.5900000000001,10657.744999999999,29930.809999999998,Madhya Pradesh
Shahdol,291440.0,233594.0,10278.136,108621.21,20089.084,57846.0,1388.304,16543.956000000002,38062.668,Madhya Pradesh
Anuppur,207713.0,344332.1893,19626.934790100004,159081.47145660003,92281.02673240002,172779.8242,5010.6149018,50797.2683148,138569.4190084,Madhya Pradesh
Sidhi,276869.0,250953.0,24593.394,122716.01699999999,69012.07500000001,25916.0,1529.044,8733.692000000001,18607.688,Madhya Pradesh
Singrauli,287325.0,228732.0,6175.764000000001,117110.784,8463.084,58593.0,3222.6150000000002,22089.561,32401.928999999996,Madhya Pradesh
Jhabua,235793.0,211080.0,9076.439999999999,91186.56000000001,14142.36,24713.0,988.52,7067.918000000001,16088.162999999999,Madhya Pradesh
Alirajpur,150528.0,135866.0,6929.165999999999,68340.598,16711.518,14662.0,542.494,4911.77,9720.905999999999,Madhya Pradesh
Khandwa (East Nimar),329088.0,265663.0,13017.487000000001,119814.013,40380.776,63425.0,2219.875,17568.725,46871.075000000004,Madhya Pradesh
Burhanpur,178840.0,115979.0,6262.866000000001,44419.956999999995,13569.543,62861.0,2137.2740000000003,18481.134,39665.291,Madhya Pradesh
Kachchh,739275.0,488293.0,14160.497,240240.15600000002,36133.68200000001,250982.0,8282.406,84329.952,149585.272,Gujarat
Banas Kantha,804197.0,666773.0,18002.871000000003,293380.12,46674.11000000001,137424.0,2336.208,51946.27199999999,77369.712,Gujarat
Patan,404138.0,301483.0,8743.007,133255.486,22912.708,102655.0,2771.6850000000004,29975.26,65391.235,Gujarat
Mahesana,659743.0,476005.0,9044.095,175169.84,20944.22,183738.0,4042.2360000000003,45934.5,104546.92199999999,Gujarat
Sabar Kantha,665533.0,544024.0,10336.456,207817.168,22304.983999999997,121509.0,1822.635,32564.412,59539.409999999996,Gujarat
Gandhinagar,433258.0,237624.0,4514.856,105505.056,5227.728000000001,195634.0,5086.484,53016.814000000006,101925.314,Gujarat
Ahmadabad,2198552.0,353169.0,18011.619,221083.794,20483.802,1845383.0,33216.89400000001,470572.66500000004,1417254.144,Gujarat
Surendranagar,500598.0,340788.0,13631.52,211629.348,17039.4,159810.0,4155.06,47623.38,120336.93000000001,Gujarat
Rajkot,1181006.0,459474.0,36757.92,240764.37600000002,79948.476,721532.0,31747.408000000003,224396.452,500021.676,Gujarat
Jamnagar,646325.0,347158.0,22218.112,168024.472,64224.229999999996,299167.0,11667.513,124752.63900000001,205228.56199999998,Gujarat
Porbandar,183572.0,96015.0,1056.1650000000002,24387.81,47239.380000000005,87557.0,875.57,18737.198,76962.603,Gujarat
Junagadh,776743.0,489237.0,19569.48,189823.95599999998,83659.527,287506.0,4312.59,68426.428,224254.68000000002,Gujarat
Amreli,430613.0,313714.0,11921.132,117015.322,112623.326,116899.0,1753.485,29809.245,96324.77600000001,Gujarat
Bhavnagar,744077.0,387251.0,10068.526000000002,127018.32799999998,171939.444,356826.0,4638.738,77788.068,303302.1,Gujarat
Anand,621987.0,413078.0,8674.638,169775.05800000002,128467.258,208909.0,3342.544,56614.33900000001,160233.203,Gujarat
Kheda,622026.0,461479.0,10614.017,168901.31399999998,197513.012,160547.0,2087.1110000000003,39173.468,129721.976,Gujarat
Panch Mahals,567601.0,463363.0,9267.26,187662.015,152446.42699999997,104238.0,625.428,24912.881999999998,96003.19799999999,Gujarat
Dohad,376504.0,323697.0,7445.031,117825.708,67328.97600000001,52807.0,739.2979999999999,12568.066,36964.899999999994,Gujarat
Vadodara,1240425.0,547454.0,8211.81,155476.936,240879.76,692971.0,7622.6810000000005,151760.64899999998,599419.915,Gujarat
Narmada,160369.0,138121.0,2209.936,41574.421,48066.108,22248.0,222.48000000000002,5117.04,18643.824,Gujarat
Bharuch,481996.0,300677.0,6915.571,91405.808,117564.70700000001,181319.0,2357.1470000000004,44604.474,140340.90600000002,Gujarat
The Dangs,59618.0,52102.0,885.734,17037.354,23966.920000000002,7516.0,105.22399999999999,1796.3239999999998,6441.2119999999995,Gujarat
Navsari,409156.0,267739.0,4551.563,77376.571,139492.019,141417.0,1414.17,34929.998999999996,110870.928,Gujarat
Valsad,498391.0,262410.0,3936.1499999999996,87120.12000000001,84233.61,235981.0,2595.791,60647.117,192560.49599999998,Gujarat
Surat,1899838.0,369840.0,7766.64,152743.91999999998,152743.91999999998,1529998.0,19889.974000000002,399329.478,1269898.3399999999,Gujarat
Tapi,218489.0,192272.0,4806.8,81138.78400000001,48837.088,26217.0,393.255,6554.25,20580.345,Gujarat
Diu,18850.0,9788.0,254.48800000000003,4933.152,1663.96,9062.0,99.68200000000002,2211.128,7621.142,Daman and Diu
Daman,71079.0,10006.0,210.126,5953.57,610.366,61073.0,671.8030000000001,14413.228000000001,43850.414,Daman and Diu
Dadra AND Nagar Haveli,108783.0,48221.0,964.4200000000001,22181.66,13742.984999999999,60562.0,484.49600000000004,12051.838,55656.478,Dadra and Nagar Haveli
Nandurbar,405012.0,333440.0,4334.72,146380.16,53350.4,71572.0,1359.868,24119.764000000003,53464.284,Maharashtra
Dhule,528790.0,382777.0,5741.655,146220.814,175311.86599999998,146013.0,876.078,29494.625999999997,130535.622,Maharashtra
Jalgaon,1169788.0,796223.0,8758.453000000001,289028.94899999996,201444.419,373565.0,2614.955,100115.42000000001,215920.56999999998,Maharashtra
Buldana,728192.0,575405.0,8055.669999999999,198514.72499999998,256055.225,152787.0,1375.083,30557.4,130938.459,Maharashtra
Akola,504235.0,308158.0,4006.0540000000005,122338.72600000001,85051.60800000001,196077.0,1764.6930000000002,48234.942,149018.52,Maharashtra
Washim,330846.0,274925.0,3299.1,84951.825,137187.575,55921.0,279.605,11072.358,52453.897999999994,Maharashtra
Amravati,781815.0,508921.0,5089.21,184738.323,117051.83,272894.0,2183.152,81322.412,211492.85,Maharashtra
Wardha,388704.0,268486.0,805.458,34097.722,116254.438,120218.0,240.436,12863.326,89802.846,Maharashtra
Nagpur,1308366.0,430844.0,3877.5960000000005,113742.816,246873.612,877522.0,5265.1320000000005,325560.662,761689.096,Maharashtra
Bhandara,356418.0,283843.0,2270.744,129148.565,75218.395,72575.0,145.15,15095.600000000002,59003.475,Maharashtra
Gondiya,386515.0,319702.0,12468.378,156334.278,71293.546,66813.0,2204.829,19509.395999999997,42426.255,Maharashtra
Gadchiroli,330840.0,293586.0,9981.924,109801.164,54900.582,37254.0,596.064,8456.658,24326.862,Maharashtra
Chandrapur,684655.0,451324.0,24822.82,175565.036,101999.224,233331.0,3966.6270000000004,63232.701,151431.81900000002,Maharashtra
Yavatmal,798132.0,629243.0,42159.281,295114.967,183109.71300000002,168889.0,5911.115000000001,58097.816,102853.401,Maharashtra
Nanded,821682.0,591119.0,41969.44899999999,280781.52499999997,182655.771,230563.0,8530.831000000002,77930.294,166697.049,Maharashtra
Hingoli,284369.0,242456.0,16244.552000000001,112257.128,66675.40000000001,41913.0,1089.738,14962.941000000003,28207.448999999997,Maharashtra
Parbhani,427239.0,293480.0,19369.68,130892.08,120620.28000000001,133759.0,3879.0109999999995,41866.567,105134.574,Maharashtra
Jalna,502830.0,404746.0,38450.87,176874.00200000004,191040.11200000002,98084.0,3629.1080000000006,23540.16,76897.856,Maharashtra
Aurangabad,979132.0,551789.0,45798.487,215197.71000000002,254374.72900000002,427343.0,11965.604,101280.291,384608.7,Maharashtra
Nashik,1668932.0,904661.0,73277.541,394432.196,504800.83799999993,764271.0,25985.214000000004,191067.75,644280.453,Maharashtra
Thane,3618151.0,713994.0,37127.688,287739.582,339147.14999999997,2904157.0,95837.18100000001,784122.39,2244913.361,Maharashtra
Mumbai Suburban,3078829.0,0.0,0.0,0.0,0.0,3078829.0,123153.16,831283.8300000001,2028948.311,Maharashtra
Mumbai,1107321.0,0.0,0.0,0.0,0.0,1107321.0,37648.914000000004,279044.892,793949.1570000001,Maharashtra
Raigarh,959028.0,581868.0,47131.308000000005,272896.092,126847.224,377160.0,14709.24,110507.87999999999,257223.12000000002,Maharashtra
Pune,3222457.0,1165718.0,90926.004,596847.616,223817.856,2056739.0,82269.56,719858.6499999999,1505532.9479999999,Maharashtra
Ahmadnagar,1323404.0,1041393.0,62483.579999999994,486330.531,280134.71699999995,282011.0,8742.341,109138.257,185281.227,Maharashtra
Bid,698571.0,563114.0,46738.462,266352.92199999996,74894.16200000001,135457.0,5960.108,48493.606,90620.73300000001,Maharashtra
Latur,585632.0,428616.0,29574.504,175732.56,125155.87199999999,157016.0,4867.496,57310.84,110225.232,Maharashtra
Osmanabad,444990.0,367158.0,20560.847999999998,126669.51,107577.294,77832.0,1945.8000000000002,18913.176,53781.912,Maharashtra
Solapur,1156231.0,779929.0,45235.882,287013.872,309631.813,376302.0,4139.322,81657.534,280344.99,Maharashtra
Satara,975471.0,774522.0,37951.578,185110.758,478654.596,200949.0,2612.3370000000004,41998.341,161763.945,Maharashtra
Ratnagiri,639362.0,538538.0,39851.812000000005,164792.628,210568.358,100824.0,2520.6000000000004,23290.344,74206.46399999999,Maharashtra
Sindhudurg,340836.0,295847.0,23667.760000000002,121297.26999999999,45560.438,44989.0,1304.6809999999998,13856.612,31087.398999999998,Maharashtra
Kolhapur,1179314.0,796496.0,45400.272000000004,319394.896,197531.008,382818.0,9953.268,117142.308,298215.222,Maharashtra
Sangli,853673.0,626872.0,38866.064,239465.104,139165.584,226801.0,6350.427999999999,71669.116,131090.978,Maharashtra
Adilabad,817714.0,597466.0,46602.348,176849.93600000002,191786.586,220248.0,4184.7119999999995,67836.384,134131.032,Telangana
Nizamabad,720298.0,565165.0,29953.745,157115.87000000002,396180.665,155133.0,4188.591,32112.531,116970.282,Telangana
Karimnagar,1165280.0,877236.0,35966.67599999999,251766.732,589502.5920000001,288044.0,5472.836,47815.304000000004,236196.08,Telangana
Medak,789132.0,593653.0,27308.038,163848.228,441677.83200000005,195479.0,5864.37,46524.002,169675.772,Telangana
Hyderabad,1066289.0,0.0,0.0,0.0,0.0,1066289.0,12795.468,236716.158,796517.883,Telangana
Rangareddy,1561322.0,432098.0,22036.998,118394.85199999998,261419.28999999998,1129224.0,27101.376,285693.672,876277.8239999999,Telangana
Mahbubnagar,1010015.0,848963.0,55182.595,303079.791,117156.89400000001,161052.0,4509.455999999999,37847.22,113863.76400000001,Telangana
Nalgonda,1030937.0,833504.0,35840.672,265054.272,245050.17599999998,197433.0,4343.526000000001,50147.982,168805.215,Telangana
Warangal,1046987.0,758738.0,38695.638,245831.112,259488.396,288249.0,5188.482000000001,60532.29,243282.15600000002,Telangana
Khammam,870625.0,669262.0,29447.528000000002,231564.65200000003,212825.316,201363.0,2416.356,39064.422,170353.098,Telangana
Srikakulam,902436.0,752752.0,16560.544,191951.76,327447.12,149684.0,1047.7879999999998,24248.808,143696.63999999998,Andhra Pradesh
Vizianagaram,749514.0,592458.0,36732.396,182477.06399999998,106049.98199999999,157056.0,2669.952,29840.64,122660.73599999999,Andhra Pradesh
Visakhapatnam,1379340.0,718847.0,42411.973000000005,245845.67400000003,229312.193,660493.0,11228.381000000001,160499.799,536320.316,Andhra Pradesh
East Godavari,1605841.0,1199479.0,101955.71500000001,465397.85199999996,356245.263,406362.0,11784.498,96307.794,334842.288,Andhra Pradesh
West Godavari,1255628.0,1007255.0,52377.26,341459.44499999995,376713.37,248373.0,5464.206,56132.298,212110.54200000002,Andhra Pradesh
Krishna,1476334.0,909292.0,31825.220000000005,291882.732,116389.376,567042.0,9639.714,121346.988,373680.678,Andhra Pradesh
Guntur,1582990.0,1069877.0,35305.941,330591.993,114476.83899999999,513113.0,9749.146999999999,102622.6,340707.032,Andhra Pradesh
Prakasam,1087575.0,873486.0,27951.552,259425.34199999998,186926.004,214089.0,2354.9790000000003,36395.130000000005,178764.315,Andhra Pradesh
Sri Potti Sriramulu Nellore,953513.0,689137.0,26876.343,209497.648,323894.38999999996,264376.0,4494.392000000001,55254.583999999995,230800.248,Andhra Pradesh
Y.S.R.,884093.0,590589.0,28348.272,177176.69999999998,347856.921,293504.0,6457.088000000001,61929.344000000005,260338.048,Andhra Pradesh
Kurnool,1090835.0,783853.0,34489.53200000001,241426.724,440525.38600000006,306982.0,5218.694,61703.382000000005,285493.26,Andhra Pradesh
Anantapur,1244428.0,902997.0,37925.874,279929.07,419893.60500000004,341431.0,6487.188999999999,74773.389,294654.953,Andhra Pradesh
Chittoor,516663.6425,344332.1893,14461.951950600002,102610.9924114,96413.01300400002,395900.0,7918.0,83930.8,306426.60000000003,Andhra Pradesh
Belgaum,1318975.0,962777.0,41399.411,268614.783,245508.135,356198.0,6767.762,59128.868,280684.024,Karnataka
Bagalkot,490657.0,324799.0,8444.774000000001,71130.98099999999,92242.916,165858.0,1824.438,30849.588000000003,131193.67799999999,Karnataka
Bijapur,527490.0,396449.0,13082.817000000001,107041.23000000001,109419.92400000001,131041.0,1834.5739999999998,27518.61,95266.807,Karnataka
Bidar,389403.0,287134.0,8326.885999999999,62308.078,63169.48,102269.0,1329.497,21374.220999999998,77928.978,Karnataka
Raichur,455848.0,330446.0,12226.502000000002,74019.904,64767.416000000005,125402.0,1504.824,18434.093999999997,102202.62999999999,Karnataka
Koppal,337649.0,272968.0,12829.496,105092.68000000001,50499.08,64681.0,1228.939,16493.655,46829.04400000001,Karnataka
Gadag,291972.0,180066.0,9363.432,77248.314,12964.752000000002,111906.0,4140.522000000001,36817.07399999999,47560.049999999996,Karnataka
Dharwad,483104.0,199707.0,9985.35,113233.869,17574.216,283397.0,8501.91,85019.09999999999,192993.357,Karnataka
Uttara Kannada,474792.0,334281.0,23733.950999999997,144409.39200000002,33428.1,140511.0,5058.396000000001,43417.899,70817.544,Karnataka
Haveri,413564.0,315076.0,16383.952000000001,124139.94399999999,37809.119999999995,98488.0,3644.0560000000005,26296.296000000002,47668.191999999995,Karnataka
Bellary,623480.0,371604.0,18951.804,155330.47199999998,34187.568,251876.0,8563.784000000001,89919.732,106543.548,Karnataka
Chitradurga,447348.0,349704.0,13638.456,141280.416,80781.62400000001,97644.0,1952.88,28316.76,80068.08,Karnataka
Davanagere,530691.0,354680.0,22699.52,170601.08000000002,179468.08000000002,176011.0,5632.352,65652.103,141864.86599999998,Karnataka
Shimoga,554106.0,352444.0,17622.2,158247.356,99389.20799999998,201662.0,5848.197999999999,60296.937999999995,140558.41400000002,Karnataka
Udupi,385389.0,269817.0,14570.118000000002,107656.983,32647.857,115572.0,3467.16,33284.736000000004,73388.22,Karnataka
Chikmagalur,392426.0,311660.0,18387.940000000002,140247.0,59527.06,80766.0,1615.32,25602.822,59686.07400000001,Karnataka
Tumkur,890242.0,685443.0,39755.693999999996,315989.223,204262.014,204799.0,5734.371999999999,62873.293,165682.391,Karnataka
Bangalore,3267960.0,300576.0,21942.048,137663.808,185755.968,2967384.0,94956.288,955497.648,2602395.768,Karnataka
Mandya,562302.0,458867.0,19272.414,158309.115,383612.812,103435.0,2172.135,25858.75,99297.59999999999,Karnataka
Hassan,628981.0,496103.0,27285.665,225726.86500000002,268391.723,132878.0,3853.4619999999995,40527.79,118792.932,Karnataka
Dakshina Kannada,650292.0,332919.0,19309.302,136163.87099999998,60924.176999999996,317373.0,7934.325000000001,88547.067,261832.72499999998,Karnataka
Kodagu,212974.0,181182.0,4529.55,52180.416000000005,135524.136,31792.0,349.71200000000005,6326.607999999999,30774.656,Karnataka
Mysore,920982.0,540596.0,24326.82,238943.432,148663.90000000002,380386.0,11791.966,117539.274,326751.574,Karnataka
Chamarajanagar,319880.0,262680.0,16286.16,127925.16000000002,70135.56,57200.0,1372.8,16988.399999999998,51422.8,Karnataka
Gulbarga,600007.0,400704.0,14826.048000000003,163487.232,353020.22399999993,199303.0,3188.848,52416.689000000006,194519.728,Karnataka
Yadgir,262995.0,207787.0,9558.202,83114.8,163736.156,55208.0,1766.656,18439.471999999998,53551.76,Karnataka
Kolar,477609.0,326567.0,17308.051,156752.16,88173.09000000001,151042.0,3322.9240000000004,43046.969999999994,142281.564,Karnataka
Chikkaballapura,409702.0,315649.0,22095.43,149933.275,48609.945999999996,94053.0,4232.385,35175.822,60476.079,Karnataka
Bangalore Rural,326462.0,231052.0,8548.924,100276.568,10397.34,95410.0,1431.1499999999999,27478.08,65069.62,Karnataka
Ramanagara,351784.0,266950.0,14682.25,136678.4,11478.849999999999,84834.0,2460.1859999999997,29182.895999999997,34103.268000000004,Karnataka
North Goa,325089.0,115859.0,5908.808999999999,47386.331,29544.045000000002,209230.0,3347.6800000000003,66116.68000000001,167802.46000000002,Goa
South Goa,251493.0,88620.0,4342.38,33941.46,20382.600000000002,162873.0,2605.968,45441.566999999995,137301.93899999998,Goa
Lakshadweep,21242.0,5289.0,195.69300000000004,1930.485,3993.195,15953.0,271.201,4642.323,14565.088999999998,Lakshadweep
Kasaragod,417805.0,251641.0,17111.588,109463.835,70459.48000000001,166164.0,5317.2480000000005,56828.088,147055.14,Kerala
Kannur,872479.0,306288.0,5513.184,70446.24,210419.85600000003,566191.0,6228.101000000001,110973.436,482960.923,Kerala
Wayanad,277988.0,266183.0,5323.66,62286.82199999999,196443.054,11805.0,177.075,2880.42,10057.86,Kerala
Kozhikode,990336.0,323793.0,5633.9982,132301.8198,317511.4158,666543.0,3199.4064,95448.9576,651279.1653,Kerala
Malappuram,1157129.0,634543.0,48225.268,202419.217,563474.184,522586.0,14109.822000000002,96678.41,504818.076,Kerala
Palakkad,894341.0,665899.0,41285.738,207094.589,641260.737,228442.0,4797.282,44317.74799999999,225015.37,Kerala
Thrissur,1051867.0,336748.0,30307.32,119208.79199999999,308797.916,715119.0,39331.545,286047.60000000003,681508.407,Kerala
Ernakulam,1174691.0,369694.0,24399.804,100187.07400000001,358603.18,804997.0,28979.892000000003,155364.421,790507.054,Kerala
Idukki,412433.0,391610.0,16447.620000000003,108084.36000000002,377903.64999999997,20823.0,520.575,4435.299,20510.655,Kerala
Kottayam,678161.0,481967.0,26026.218000000004,170616.318,425094.89400000003,196194.0,6474.402,55130.514,186188.106,Kerala
Alappuzha,723536.0,331419.0,16902.369,116659.48800000001,321145.011,392117.0,16076.796999999999,111753.34499999999,385451.011,Kerala
Pathanamthitta,472840.0,414992.0,20749.600000000002,122837.63200000001,402127.248,57848.0,1793.288,12900.104,56864.584,Kerala
Kollam,925130.0,523715.0,43468.345,230958.315,464535.205,401415.0,5619.8099999999995,94332.525,398605.095,Kerala
Thiruvananthapuram,1169117.0,559293.0,25727.478,195752.55,536921.28,609824.0,15855.424,161603.36000000002,598847.168,Kerala
Thiruvallur,1119433.0,387237.0,29817.249,115783.863,351998.433,732196.0,47592.740000000005,195496.33200000002,693389.6120000001,Tamil Nadu
Chennai,1314125.0,0.0,0.0,0.0,0.0,1314125.0,36795.49999999999,311447.625,1261560.0,Tamil Nadu
Kancheepuram,1213504.0,438799.0,32909.924999999996,131200.90099999998,408083.07,774705.0,42608.775,189028.02,746815.6200000001,Tamil Nadu
Vellore,1140300.0,653499.0,66656.898,223496.65800000002,600565.581,486801.0,29694.861,126081.459,468789.363,Tamil Nadu
Tiruvannamalai,710163.0,563102.0,18582.366,182445.048,159357.866,147061.0,1470.6100000000001,26618.041000000005,130590.168,Tamil Nadu
Viluppuram,967314.0,808042.0,18584.966,256149.314,236756.30599999998,159272.0,1274.176,28031.872000000003,136336.832,Tamil Nadu
Salem,1170352.0,572813.0,13174.699,159242.01400000002,109980.096,597539.0,8963.085,125483.19,425447.76800000004,Tamil Nadu
Namakkal,627484.0,370357.0,8518.211,107403.53,46294.625,257127.0,3342.6510000000003,48082.749,167389.67699999997,Tamil Nadu
Erode,843684.0,411286.0,8225.72,148062.96,54289.752,432398.0,6485.969999999999,102910.724,283653.088,Tamil Nadu
The Nilgiris,264105.0,112126.0,2578.898,36104.572,16370.395999999999,151979.0,1975.727,37082.876,83436.47099999999,Tamil Nadu
Dindigul,713542.0,443818.0,7988.724000000001,112729.772,138471.216,269724.0,3236.688,65542.932,147269.304,Tamil Nadu
Karur,364661.0,212241.0,4244.82,60700.92600000001,71525.217,152420.0,1676.6200000000001,36275.96,97243.96,Tamil Nadu
Tiruchirappalli,875727.0,452707.0,9506.847,156636.622,191495.061,423020.0,8037.38,153979.28,249158.78,Tamil Nadu
Perambalur,188592.0,155413.0,2797.434,48955.095,29373.056999999997,33179.0,464.506,8593.361,19044.746,Tamil Nadu
Ariyalur,254277.0,223955.0,4927.01,64946.95,51509.65,30322.0,272.898,6094.722000000001,20346.061999999998,Tamil Nadu
Cuddalore,758209.0,497429.0,11938.296,148233.842,119382.95999999999,260780.0,3129.36,55806.92,193498.76,Tamil Nadu
Nagapattinam,517740.0,399016.0,8778.352,120502.832,62246.496,118724.0,1068.516,20064.356,65535.64800000001,Tamil Nadu
Thiruvarur,408179.0,321331.0,10925.254,121784.44900000001,45629.00199999999,86848.0,1736.96,24056.895999999997,44553.024,Tamil Nadu
Thanjavur,753372.0,479070.0,11497.68,186358.23,95334.93,274302.0,4114.53,72415.728,188171.172,Tamil Nadu
Pudukkottai,503941.0,399712.0,12790.784,178671.264,124710.144,104229.0,2501.496,32310.989999999998,72647.61300000001,Tamil Nadu
Sivaganga,452417.0,309224.0,12678.184,138532.35199999998,97405.56,143193.0,2434.281,39950.846999999994,104244.504,Tamil Nadu
Madurai,1010441.0,417718.0,18797.309999999998,180036.45799999998,120302.78400000001,592723.0,11854.460000000001,170111.501,443356.804,Tamil Nadu
Theni,410623.0,189328.0,7951.776000000001,74784.56,33511.056,221295.0,3540.7200000000003,55545.045,153357.435,Tamil Nadu
Virudhunagar,734724.0,363782.0,10913.46,115318.894,86943.898,370942.0,5193.187999999999,81607.24,291189.47000000003,Tamil Nadu
Ramanathapuram,417239.0,290478.0,6100.0380000000005,93243.43800000001,60128.945999999996,126761.0,1014.088,21929.653000000002,107493.328,Tamil Nadu
Thoothukkudi,636739.0,336078.0,7057.638000000001,118299.456,83347.344,300661.0,3908.5930000000003,89897.639,156343.72,Tamil Nadu
Tirunelveli,1064667.0,547962.0,9315.354000000001,147949.74000000002,80002.45199999999,516705.0,4650.345,99724.065,242334.645,Tamil Nadu
Kanniyakumari,598041.0,104253.0,3127.5899999999997,35863.032,23456.925,493788.0,7900.608,123940.788,348614.328,Tamil Nadu
Dharmapuri,487926.0,396819.0,7936.38,132934.36500000002,111902.95799999998,91107.0,1184.391,21136.823999999997,66599.217,Tamil Nadu
Krishnagiri,580540.0,437988.0,7007.808,132710.364,145412.016,142552.0,1568.0720000000001,35780.552,89665.208,Tamil Nadu
Coimbatore,1169752.0,284795.0,7689.465000000001,101387.02,236664.645,884957.0,26548.71,292035.81,782301.988,Tamil Nadu
Tiruppur,894908.0,356886.0,8922.15,118129.266,38186.801999999996,538022.0,8608.352,123745.06000000001,317432.98,Tamil Nadu
Yanam,15519.0,0.0,0.0,0.0,0.0,15519.0,93.114,2839.977,12151.376999999999,Pondicherry
PONDICHERRY,291037.0,87296.0,1396.736,23919.103999999996,29069.567999999996,203741.0,1629.928,49101.581000000006,158714.239,Pondicherry
Mahe,12110.0,0.0,0.0,0.0,0.0,12110.0,84.77,2857.96,9082.5,Pondicherry
Karaikal,69333.0,35618.0,926.0680000000001,11362.142,12751.243999999999,33715.0,404.58,6405.85,27814.875,Pondicherry
Nicobars,15958.0,15958.0,335.118,5872.544,7596.008000000001,0.0,0.0,0.0,0.0,Andaman and Nicobar Islands
North  AND Middle Andaman,40185.0,39091.0,1055.457,17317.313,18763.68,1094.0,72.20400000000001,611.5459999999999,613.734,Andaman and Nicobar Islands
South Andaman,85532.0,34901.0,1221.535,11691.835000000001,22580.947,50631.0,607.572,10835.034,44454.018000000004,Andaman and Nicobar Islands
